row_id,spell_id,spell_name,type,class,current_category,proposed_category,specs,applications,players,context,confidence,proposal_key,decision,decision_notes
R0169,391459,Sanguine Ground,addition,DEATHKNIGHT,,activeMitigation,Blood 35105/74,35105,74,"only tank specs apply it, 100% self-applied, recast about 6.79s → Active mitigation (rule R7).",medium,addition|activeMitigation|DEATHKNIGHT|sanguine ground|391459,Rejected,
R0170,463730,Coagulating Blood,addition,DEATHKNIGHT,,activeMitigation,Blood 30689/74,30689,74,"only tank specs apply it, 100% self-applied, recast about 14.42s → Active mitigation (rule R7).",medium,addition|activeMitigation|DEATHKNIGHT|coagulating blood|463730,Rejected,
R0172,273947,Hemostasis,addition,DEATHKNIGHT,,activeMitigation,Blood 28903/74,28903,74,"only tank specs apply it, 100% self-applied, recast about 10.33s → Active mitigation (rule R7).",medium,addition|activeMitigation|DEATHKNIGHT|hemostasis|273947,Rejected,
R0174,1264304,Lifeblood,addition,DEATHKNIGHT,,activeMitigation,Blood 16501/21,16501,21,"only tank specs apply it, 100% self-applied, recast about 11.5s → Active mitigation (rule R7).",medium,addition|activeMitigation|DEATHKNIGHT|lifeblood|1264304,Rejected,
R0176,1265968,Boiling Point,addition,DEATHKNIGHT,,activeMitigation,Blood 13300/71,13300,71,"only tank specs apply it, 100% self-applied, recast about 19.12s → Active mitigation (rule R7).",medium,addition|activeMitigation|DEATHKNIGHT|boiling point|1265968,Rejected,
R0177,1265982,Boiling Point,addition,DEATHKNIGHT,,activeMitigation,Blood 12380/71,12380,71,"only tank specs apply it, 100% self-applied, recast about 20.33s → Active mitigation (rule R7).",medium,addition|activeMitigation|DEATHKNIGHT|boiling point|1265982,Rejected,
R0179,274009,Voracious,addition,DEATHKNIGHT,,activeMitigation,Blood 11216/74,11216,74,"only tank specs apply it, 100% self-applied, recast about 21.76s → Active mitigation (rule R7).",medium,addition|activeMitigation|DEATHKNIGHT|voracious|274009,Rejected,
R0195,461130,Visceral Strength,addition,DEATHKNIGHT,,activeMitigation,Blood 1742/43,1742,43,"only tank specs apply it, 100% self-applied, recast about 29.32s → Active mitigation (rule R7).",medium,addition|activeMitigation|DEATHKNIGHT|visceral strength|461130,Rejected,
R0191,203981,Soul Fragments,addition,DEMONHUNTER,,activeMitigation,Vengeance 3673/30,3673,30,"only tank specs apply it, 100% self-applied, recast about 7.33s → Active mitigation (rule R7).",medium,addition|activeMitigation|DEMONHUNTER|soul fragments|203981,Rejected,
R0185,213708,Galactic Guardian,addition,DRUID,,activeMitigation,Guardian 6122/48,6122,48,"only tank specs apply it, 100% self-applied, recast about 7.56s → Active mitigation (rule R7).",medium,addition|activeMitigation|DRUID|galactic guardian|213708,Rejected,
R0187,93622,Gore,addition,DRUID,,activeMitigation,Guardian 5320/51,5320,51,"only tank specs apply it, 100% self-applied, recast about 8.25s → Active mitigation (rule R7).",medium,addition|activeMitigation|DRUID|gore|93622,Rejected,
R0196,1251877,Gift of an Ancient Guardian,addition,DRUID,,activeMitigation,Guardian 1451/43,1451,43,"only tank specs apply it, 100% self-applied, recast about 18.44s → Active mitigation (rule R7).",medium,addition|activeMitigation|DRUID|gift of an ancient guardian|1251877,Rejected,
R0197,1272376,Celestial Might,addition,DRUID,,activeMitigation,Guardian 1018/23,1018,23,"only tank specs apply it, 100% self-applied, recast about 13.08s → Active mitigation (rule R7).",medium,addition|activeMitigation|DRUID|celestial might|1272376,Rejected,
R0200,1301286,Gorestained Claws,addition,DRUID,,activeMitigation,Guardian 558/12,558,12,"only tank specs apply it, 100% self-applied, recast about 21.89s → Active mitigation (rule R7).",medium,addition|activeMitigation|DRUID|gorestained claws|1301286,Rejected,
R0201,441602,Ravage,addition,DRUID,,activeMitigation,Guardian 510/7,510,7,"only tank specs apply it, 100% self-applied, recast about 14.9s → Active mitigation (rule R7).",medium,addition|activeMitigation|DRUID|ravage|441602,Rejected,
R0203,1307881,Gory Fur,addition,DRUID,,activeMitigation,Guardian 225/5,225,5,"only tank specs apply it, 100% self-applied, recast about 21.6s → Active mitigation (rule R7).",medium,addition|activeMitigation|DRUID|gory fur|1307881,Rejected,
R0205,400734,After the Wildfire,addition,DRUID,,activeMitigation,Guardian 32/17,32,17,"only tank specs apply it, 100% self-applied, recast about 6.08s → Active mitigation (rule R7).",medium,addition|activeMitigation|DRUID|after the wildfire|400734,Rejected,
R0173,195630,Elusive Brawler,addition,MONK,,activeMitigation,Brewmaster 18357/44,18357,44,"only tank specs apply it, 100% self-applied, recast about 1.61s → Active mitigation (rule R7).",medium,addition|activeMitigation|MONK|elusive brawler|195630,Rejected,
R0184,228563,Blackout Combo,addition,MONK,,activeMitigation,Brewmaster 6511/44,6511,44,"only tank specs apply it, 100% self-applied, recast about 7.16s → Active mitigation (rule R7).",medium,addition|activeMitigation|MONK|blackout combo|228563,Rejected,
R0188,383800,Counterstrike,addition,MONK,,activeMitigation,Brewmaster 4936/36,4936,36,"only tank specs apply it, 100% self-applied, recast about 7s → Active mitigation (rule R7).",medium,addition|activeMitigation|MONK|counterstrike|383800,Rejected,
R0190,1260619,Elevated Stagger,addition,MONK,,activeMitigation,Brewmaster 3715/44,3715,44,"only tank specs apply it, 100% self-applied, recast about 11.47s → Active mitigation (rule R7).",medium,addition|activeMitigation|MONK|elevated stagger|1260619,Rejected,
R0192,393515,Pretense of Instability,addition,MONK,,activeMitigation,Brewmaster 3191/44,3191,44,"only tank specs apply it, 100% self-applied, recast about 14.28s → Active mitigation (rule R7).",medium,addition|activeMitigation|MONK|pretense of instability|393515,Rejected,
R0194,1265307,Empty Barrel,addition,MONK,,activeMitigation,Brewmaster 1848/40,1848,40,"only tank specs apply it, 100% self-applied, recast about 26.77s → Active mitigation (rule R7).",medium,addition|activeMitigation|MONK|empty barrel|1265307,Rejected,
R0198,1301477,Hot Potato,addition,MONK,,activeMitigation,Brewmaster 625/4,625,4,"only tank specs apply it, 100% self-applied, recast about 6.68s → Active mitigation (rule R7).",medium,addition|activeMitigation|MONK|hot potato|1301477,Rejected,
R0199,1241109,Niuzao's Resolve,addition,MONK,,activeMitigation,Brewmaster 582/15,582,15,"only tank specs apply it, 100% self-applied, recast about 23.33s → Active mitigation (rule R7).",medium,addition|activeMitigation|MONK|niuzao's resolve|1241109,Rejected,
R0202,116847,Rushing Jade Wind,addition,MONK,,activeMitigation,Brewmaster 463/3,463,3,"only tank specs apply it, 100% self-applied, recast about 6.88s → Active mitigation (rule R7).",medium,addition|activeMitigation|MONK|rushing jade wind|116847,Approved,
R0171,393038,Strength in Adversity,addition,PALADIN,,activeMitigation,Protection 29412/67,29412,67,"only tank specs apply it, 100% self-applied, recast about 5s → Active mitigation (rule R7).",medium,addition|activeMitigation|PALADIN|strength in adversity|393038,Rejected,
R0175,386652,Bulwark of Righteous Fury,addition,PALADIN,,activeMitigation,Protection 16215/69,16215,69,"only tank specs apply it, 100% self-applied, recast about 8.75s → Active mitigation (rule R7).",medium,addition|activeMitigation|PALADIN|bulwark of righteous fury|386652,Rejected,
R0178,85416,Grand Crusader,addition,PALADIN,,activeMitigation,Protection 11339/74,11339,74,"only tank specs apply it, 100% self-applied, recast about 11.89s → Active mitigation (rule R7).",medium,addition|activeMitigation|PALADIN|grand crusader|85416,Rejected,
R0180,182104,Shining Light,addition,PALADIN,,activeMitigation,Protection 11186/74,11186,74,"only tank specs apply it, 100% self-applied, recast about 14.42s → Active mitigation (rule R7).",medium,addition|activeMitigation|PALADIN|shining light|182104,Rejected,
R0181,1269179,Valor,addition,PALADIN,,activeMitigation,Protection 7670/69,7670,69,"only tank specs apply it, 100% self-applied, recast about 13.64s → Active mitigation (rule R7).",medium,addition|activeMitigation|PALADIN|valor|1269179,Rejected,
R0182,1272298,Light-Blessed Shield,addition,PALADIN,,activeMitigation,Protection 7300/38,7300,38,"only tank specs apply it, 100% self-applied, recast about 6.15s → Active mitigation (rule R7).",medium,addition|activeMitigation|PALADIN|light-blessed shield|1272298,Rejected,
R0183,280375,Redoubt,addition,PALADIN,,activeMitigation,Protection 6610/32,6610,32,"only tank specs apply it, 100% self-applied, recast about 4.04s → Active mitigation (rule R7).",medium,addition|activeMitigation|PALADIN|redoubt|280375,Rejected,
R0186,188370,Consecration,addition,PALADIN,,activeMitigation,Protection 5748/74,5748,74,"only tank specs apply it, 100% self-applied, recast about 12.22s → Active mitigation (rule R7).",medium,addition|activeMitigation|PALADIN|consecration|188370,Rejected,
R0193,327510,Shining Light,addition,PALADIN,,activeMitigation,Protection 2690/74,2690,74,"only tank specs apply it, 100% self-applied, recast about 29.61s → Active mitigation (rule R7).",medium,addition|activeMitigation|PALADIN|shining light|327510,Rejected,
R0189,224324,Shield Slam!,addition,WARRIOR,,activeMitigation,Protection 3944/16,3944,16,"only tank specs apply it, 100% self-applied, recast about 4.86s → Active mitigation (rule R7).",medium,addition|activeMitigation|WARRIOR|shield slam!|224324,Rejected,
R0204,1300681,Vengeful Shield,addition,WARRIOR,,activeMitigation,Protection 180/3,180,3,"only tank specs apply it, 100% self-applied, recast about 18.65s → Active mitigation (rule R7).",medium,addition|activeMitigation|WARRIOR|vengeful shield|1300681,Rejected,
R0065,207203,Frost Shield,addition,DEATHKNIGHT,,defensives,Blood 97915/69; Unholy 13846/72; Frost 5714/27,117475,165,100% self-applied and DB2 says it absorbs damage → Defensive cooldowns (rule R1).,high,addition|defensives|DEATHKNIGHT|frost shield|207203,Rejected,
R0069,440290,Rune Carved Plates,addition,DEATHKNIGHT,,defensives,Blood 15311/30; Frost 1411/24,16722,54,100% self-applied and DB2 says it reduces damage taken → Defensive cooldowns (rule R1).,high,addition|defensives|DEATHKNIGHT|rune carved plates|440290,Rejected,
R0070,440289,Rune Carved Plates,addition,DEATHKNIGHT,,defensives,Blood 13897/30; Frost 1226/24,15123,54,100% self-applied and DB2 says it reduces damage taken → Defensive cooldowns (rule R1).,high,addition|defensives|DEATHKNIGHT|rune carved plates|440289,Rejected,
R0074,434034,Blood-Soaked Ground,addition,DEATHKNIGHT,,defensives,Blood 5448/34; Unholy 64/1,5512,35,100% self-applied and DB2 says it reduces damage taken → Defensive cooldowns (rule R1).,high,addition|defensives|DEATHKNIGHT|blood-soaked ground|434034,Rejected,
R0079,391527,Umbilicus Eternus,addition,DEATHKNIGHT,,defensives,Blood 3128/54,3128,54,100% self-applied and DB2 says it absorbs damage → Defensive cooldowns (rule R1).,high,addition|defensives|DEATHKNIGHT|umbilicus eternus|391527,Rejected,
R0100,454871,Blood Draw,addition,DEATHKNIGHT,,defensives,Blood 928/56; Unholy 117/37; Frost 21/6,1066,98,100% self-applied and DB2 says it reduces damage taken → Defensive cooldowns (rule R1).,high,addition|defensives|DEATHKNIGHT|blood draw|454871,Rejected,
R0105,1287955,Rune of Void-Tainted Shell,addition,DEATHKNIGHT,,defensives,Blood 525/10; Unholy 201/7; Frost 94/5,820,21,100% self-applied and DB2 says it absorbs damage → Defensive cooldowns (rule R1).,high,addition|defensives|DEATHKNIGHT|rune of void-tainted shell|1287955,Rejected,
R0111,1254638,Solar Core Igniter,addition,DEATHKNIGHT,,defensives,Blood 514/4; Unholy 12/1,526,5,100% self-applied and DB2 says it absorbs damage → Defensive cooldowns (rule R1).,high,addition|defensives|DEATHKNIGHT|solar core igniter|1254638,Rejected,
R0127,374748,Perseverance of the Ebon Blade,addition,DEATHKNIGHT,,defensives,Blood 266/5,266,5,100% self-applied and DB2 says it reduces damage taken → Defensive cooldowns (rule R1).,high,addition|defensives|DEATHKNIGHT|perseverance of the ebon blade|374748,Rejected,
R0128,1254641,Rotting Globule,addition,DEATHKNIGHT,,defensives,Blood 265/3,265,3,100% self-applied and DB2 says it absorbs damage → Defensive cooldowns (rule R1).,high,addition|defensives|DEATHKNIGHT|rotting globule|1254641,Rejected,
R0130,1254520,Gelatinous Protection,addition,DEATHKNIGHT,,defensives,Blood 228/4,228,4,100% self-applied and DB2 says it absorbs damage → Defensive cooldowns (rule R1).,high,addition|defensives|DEATHKNIGHT|gelatinous protection|1254520,Rejected,
R0137,1223612,Ethereal Barrier,addition,DEATHKNIGHT,,defensives,Blood 170/3,170,3,100% self-applied and DB2 says it absorbs damage → Defensive cooldowns (rule R1).,high,addition|defensives|DEATHKNIGHT|ethereal barrier|1223612,Rejected,
R0144,1263861,Consumption,addition,DEATHKNIGHT,,defensives,Blood 97/7,97,7,100% self-applied and DB2 says it reduces damage taken → Defensive cooldowns (rule R1).,high,addition|defensives|DEATHKNIGHT|consumption|1263861,Rejected,
R0152,1254514,Coalesced Jelly,addition,DEATHKNIGHT,,defensives,Blood 60/4,60,4,100% self-applied and DB2 says it absorbs damage → Defensive cooldowns (rule R1).,high,addition|defensives|DEATHKNIGHT|coalesced jelly|1254514,Rejected,
R0167,433981,Newly Turned,addition,DEATHKNIGHT,,defensives,Blood 21/10,21,10,100% self-applied and DB2 says it absorbs damage → Defensive cooldowns (rule R1).,high,addition|defensives|DEATHKNIGHT|newly turned|433981,Rejected,
R0073,427901,Deflecting Dance,addition,DEMONHUNTER,,defensives,Havoc 5668/45,5668,45,100% self-applied and DB2 says it absorbs damage → Defensive cooldowns (rule R1).,high,addition|defensives|DEMONHUNTER|deflecting dance|427901,Rejected,
R0076,1266619,"First In, Last Out",addition,DEMONHUNTER,,defensives,Devourer 2153/107; Havoc 1100/47; Vengeance 802/30,4055,181,100% self-applied and DB2 says it absorbs damage → Defensive cooldowns (rule R1).,high,"addition|defensives|DEMONHUNTER|first in, last out|1266619",Rejected,
R0077,1265857,Revel in Pain,addition,DEMONHUNTER,,defensives,Vengeance 4016/4,4016,4,100% self-applied and DB2 says it absorbs damage → Defensive cooldowns (rule R1).,high,addition|defensives|DEMONHUNTER|revel in pain|1265857,Rejected,
R0095,1266616,Demon Muzzle,addition,DEMONHUNTER,,defensives,Devourer 730/74; Havoc 342/33; Vengeance 226/17,1298,123,100% self-applied and DB2 says it reduces damage taken → Defensive cooldowns (rule R1).,high,addition|defensives|DEMONHUNTER|demon muzzle|1266616,Rejected,
R0097,263648,Soul Barrier,addition,DEMONHUNTER,,defensives,Vengeance 1170/28,1170,28,100% self-applied and DB2 says it absorbs damage → Defensive cooldowns (rule R1).,high,addition|defensives|DEMONHUNTER|soul barrier|263648,Rejected,
R0103,393009,Fel Flame Fortification,addition,DEMONHUNTER,,defensives,Vengeance 1017/12,1017,12,100% self-applied and DB2 says it reduces damage taken → Defensive cooldowns (rule R1).,high,addition|defensives|DEMONHUNTER|fel flame fortification|393009,Rejected,
R0108,1287955,Rune of Void-Tainted Shell,addition,DEMONHUNTER,,defensives,Devourer 394/14; Havoc 112/4; Vengeance 84/5,590,22,100% self-applied and DB2 says it absorbs damage → Defensive cooldowns (rule R1).,high,addition|defensives|DEMONHUNTER|rune of void-tainted shell|1287955,Rejected,
R0109,207771,Fiery Brand,addition,DEMONHUNTER,,defensives,Vengeance 563/29,563,29,100% self-applied and DB2 says it reduces damage taken → Defensive cooldowns (rule R1).,high,addition|defensives|DEMONHUNTER|fiery brand|207771,Approved,
R0164,1255367,Tangle of Vibrant Vines,addition,DEMONHUNTER,,defensives,Devourer 25/3,25,3,100% self-applied and DB2 says it absorbs damage → Defensive cooldowns (rule R1).,high,addition|defensives|DEMONHUNTER|tangle of vibrant vines|1255367,Rejected,
R0066,372505,Ursoc's Fury,addition,DRUID,,defensives,Guardian 25104/47,25104,47,100% self-applied and DB2 says it absorbs damage → Defensive cooldowns (rule R1).,high,addition|defensives|DRUID|ursoc's fury|372505,Rejected,
R0082,385787,Matted Fur,addition,DRUID,,defensives,Guardian 1329/44; Balance 604/54; Restoration 265/48; Feral 220/28,2418,174,100% self-applied and DB2 says it absorbs damage → Defensive cooldowns (rule R1).,high,addition|defensives|DRUID|matted fur|385787,Rejected,
R0086,24858,Moonkin Form,addition,DRUID,,defensives,Balance 1186/55; Restoration 840/10; Guardian 10/3,2036,68,100% self-applied and DB2 says it reduces damage taken → Defensive cooldowns (rule R1).,high,addition|defensives|DRUID|moonkin form|24858,Rejected,
R0089,5487,Bear Form,addition,DRUID,,defensives,Restoration 695/42; Balance 467/47; Guardian 376/51; Feral 120/22,1658,162,100% self-applied and DB2 says it reduces damage taken → Defensive cooldowns (rule R1).,high,addition|defensives|DRUID|bear form|5487,Rejected,
R0093,1278800,Natural Resilience,addition,DRUID,,defensives,Guardian 1330/40,1330,40,100% self-applied and DB2 says it absorbs damage → Defensive cooldowns (rule R1).,high,addition|defensives|DRUID|natural resilience|1278800,Rejected,
R0123,1287955,Rune of Void-Tainted Shell,addition,DRUID,,defensives,Guardian 230/10; Feral 62/3; Balance 30/1; Restoration 5/1,327,15,100% self-applied and DB2 says it absorbs damage → Defensive cooldowns (rule R1).,high,addition|defensives|DRUID|rune of void-tainted shell|1287955,Rejected,
R0124,740,Tranquility,addition,DRUID,,defensives,Restoration 297/52,297,52,100% self-applied and DB2 says it absorbs damage → Defensive cooldowns (rule R1).,high,addition|defensives|DRUID|tranquility|740,Rejected,This is a healing cooldown - TBD whether its a raid CD or not
R0145,1223612,Ethereal Barrier,addition,DRUID,,defensives,Guardian 93/3,93,3,100% self-applied and DB2 says it absorbs damage → Defensive cooldowns (rule R1).,high,addition|defensives|DRUID|ethereal barrier|1223612,Rejected,
R0157,1254520,Gelatinous Protection,addition,DRUID,,defensives,Guardian 40/2; Feral 4/1,44,3,100% self-applied and DB2 says it absorbs damage → Defensive cooldowns (rule R1).,high,addition|defensives|DRUID|gelatinous protection|1254520,Rejected,
R0162,1263141,Gloom-Spattered Dreadscale,addition,DRUID,,defensives,Guardian 26/3,26,3,100% self-applied and DB2 says it absorbs damage → Defensive cooldowns (rule R1).,high,addition|defensives|DRUID|gloom-spattered dreadscale|1263141,Rejected,
R0101,410355,Stretch Time,addition,EVOKER,,defensives,Devastation 651/21; Augmentation 384/28; Preservation 18/4,1053,53,100% self-applied and DB2 says it absorbs damage → Defensive cooldowns (rule R1).,high,addition|defensives|EVOKER|stretch time|410355,Rejected,
R0139,1287955,Rune of Void-Tainted Shell,addition,EVOKER,,defensives,Preservation 65/3; Devastation 55/3; Augmentation 19/1,139,7,100% self-applied and DB2 says it absorbs damage → Defensive cooldowns (rule R1).,high,addition|defensives|EVOKER|rune of void-tainted shell|1287955,Rejected,
R0141,431872,Temporality,addition,EVOKER,,defensives,Preservation 75/6; Augmentation 39/2,114,8,100% self-applied and DB2 says it reduces damage taken → Defensive cooldowns (rule R1).,high,addition|defensives|EVOKER|temporality|431872,Rejected,
R0085,451447,Don't Look Back,addition,HUNTER,,defensives,Marksmanship 1646/16; Survival 621/6,2267,22,100% self-applied and DB2 says it absorbs damage → Defensive cooldowns (rule R1).,high,addition|defensives|HUNTER|don't look back|451447,Rejected,
R0125,1287955,Rune of Void-Tainted Shell,addition,HUNTER,,defensives,Beast Mastery 240/12; Survival 35/2; Marksmanship 17/1,292,15,100% self-applied and DB2 says it absorbs damage → Defensive cooldowns (rule R1).,high,addition|defensives|HUNTER|rune of void-tainted shell|1287955,Rejected,
R0158,65116,Stoneform,addition,HUNTER,,defensives,Beast Mastery 24/7; Survival 18/2,42,8,100% self-applied and DB2 says it reduces damage taken → Defensive cooldowns (rule R1).,high,addition|defensives|HUNTER|stoneform|65116,Rejected,This is a racial ability
R0081,235450,Prismatic Barrier,addition,MAGE,,defensives,Arcane 2733/98; Fire 1/1,2734,98,100% self-applied and DB2 says it absorbs damage and reduces damage taken → Defensive cooldowns (rule R1).,high,addition|defensives|MAGE|prismatic barrier|235450,Approved,
R0083,449336,Merely a Setback,addition,MAGE,,defensives,Arcane 2367/67,2367,67,100% self-applied and DB2 says it reduces damage taken → Defensive cooldowns (rule R1).,high,addition|defensives|MAGE|merely a setback|449336,Rejected,
R0084,11426,Ice Barrier,addition,MAGE,,defensives,Frost 2290/96; Fire 1/1,2291,97,100% self-applied and DB2 says it absorbs damage → Defensive cooldowns (rule R1).,high,addition|defensives|MAGE|ice barrier|11426,Approved,
R0106,414658,Ice Cold,addition,MAGE,,defensives,Frost 387/72; Arcane 331/85; Fire 19/6,737,160,100% self-applied and DB2 says it reduces damage taken → Defensive cooldowns (rule R1).,high,addition|defensives|MAGE|ice cold|414658,Approved,
R0112,1287955,Rune of Void-Tainted Shell,addition,MAGE,,defensives,Arcane 332/14; Frost 159/6,491,20,100% self-applied and DB2 says it absorbs damage → Defensive cooldowns (rule R1).,high,addition|defensives|MAGE|rune of void-tainted shell|1287955,Rejected,
R0120,235313,Blazing Barrier,addition,MAGE,,defensives,Frost 171/9; Fire 158/8,329,17,100% self-applied and DB2 says it absorbs damage → Defensive cooldowns (rule R1).,high,addition|defensives|MAGE|blazing barrier|235313,Approved,
R0159,65116,Stoneform,addition,MAGE,,defensives,Frost 21/3; Arcane 11/6; Fire 2/1,34,10,100% self-applied and DB2 says it reduces damage taken → Defensive cooldowns (rule R1).,high,addition|defensives|MAGE|stoneform|65116,Rejected,Racial ability - new group
R0067,414143,Yu'lon's Grace,addition,MONK,,defensives,Mistweaver 10688/33; Brewmaster 6866/44; Windwalker 6063/44,23617,121,100% self-applied and DB2 says it absorbs damage → Defensive cooldowns (rule R1).,high,addition|defensives|MONK|yu'lon's grace|414143,Rejected,
R0090,451253,Mantra of Purity,addition,MONK,,defensives,Brewmaster 1629/13,1629,13,100% self-applied and DB2 says it absorbs damage → Defensive cooldowns (rule R1).,high,addition|defensives|MONK|mantra of purity|451253,Rejected,
R0098,451230,Predictive Training,addition,MONK,,defensives,Brewmaster 1127/30,1127,30,100% self-applied and DB2 says it reduces damage taken → Defensive cooldowns (rule R1).,high,addition|defensives|MONK|predictive training|451230,Rejected,
R0099,1241059,Celestial Infusion,addition,MONK,,defensives,Brewmaster 1097/42,1097,42,100% self-applied and DB2 says it absorbs damage → Defensive cooldowns (rule R1).,high,addition|defensives|MONK|celestial infusion|1241059,Rejected,
R0114,1263631,Awakening Spirit,addition,MONK,,defensives,Brewmaster 456/3,456,3,100% self-applied and DB2 says it absorbs damage → Defensive cooldowns (rule R1).,high,addition|defensives|MONK|awakening spirit|1263631,Rejected,
R0118,448508,Jade Sanctuary,addition,MONK,,defensives,Mistweaver 356/25; Windwalker 11/1,367,26,100% self-applied and DB2 says it reduces damage taken → Defensive cooldowns (rule R1).,high,addition|defensives|MONK|jade sanctuary|448508,Rejected,
R0121,132578,"Invoke Niuzao, the Black Ox",addition,MONK,,defensives,Brewmaster 329/42,329,42,100% self-applied and DB2 says it absorbs damage → Defensive cooldowns (rule R1).,high,"addition|defensives|MONK|invoke niuzao, the black ox|132578",Approved,
R0122,1287955,Rune of Void-Tainted Shell,addition,MONK,,defensives,Windwalker 156/8; Brewmaster 134/3; Mistweaver 38/3,328,14,100% self-applied and DB2 says it absorbs damage → Defensive cooldowns (rule R1).,high,addition|defensives|MONK|rune of void-tainted shell|1287955,Rejected,
R0135,455179,Elixir of Determination,addition,MONK,,defensives,Brewmaster 176/19,176,19,100% self-applied and DB2 says it absorbs damage → Defensive cooldowns (rule R1).,high,addition|defensives|MONK|elixir of determination|455179,Rejected,
R0140,1223612,Ethereal Barrier,addition,MONK,,defensives,Brewmaster 137/4,137,4,100% self-applied and DB2 says it absorbs damage → Defensive cooldowns (rule R1).,high,addition|defensives|MONK|ethereal barrier|1223612,Rejected,
R0163,1254638,Solar Core Igniter,addition,MONK,,defensives,Brewmaster 26/4,26,4,100% self-applied and DB2 says it absorbs damage → Defensive cooldowns (rule R1).,high,addition|defensives|MONK|solar core igniter|1254638,Rejected,
R0165,1263141,Gloom-Spattered Dreadscale,addition,MONK,,defensives,Brewmaster 24/3,24,3,100% self-applied and DB2 says it absorbs damage → Defensive cooldowns (rule R1).,high,addition|defensives|MONK|gloom-spattered dreadscale|1263141,Rejected,
R0166,442749,Niuzao's Protection,addition,MONK,,defensives,Windwalker 12/2; Mistweaver 11/4,23,6,100% self-applied and DB2 says it absorbs damage → Defensive cooldowns (rule R1).,high,addition|defensives|MONK|niuzao's protection|442749,Rejected,
R0068,209388,Bulwark of Order,addition,PALADIN,,defensives,Protection 22812/74,22812,74,100% self-applied and DB2 says it absorbs damage → Defensive cooldowns (rule R1).,high,addition|defensives|PALADIN|bulwark of order|209388,Rejected,
R0071,461867,Sacrosanct Crusade,addition,PALADIN,,defensives,Retribution 4929/113; Protection 3327/26,8256,138,100% self-applied and DB2 says it absorbs damage → Defensive cooldowns (rule R1).,high,addition|defensives|PALADIN|sacrosanct crusade|461867,Rejected,
R0091,389539,Sentinel,addition,PALADIN,,defensives,Protection 1516/44,1516,44,100% self-applied and DB2 says it reduces damage taken → Defensive cooldowns (rule R1).,high,addition|defensives|PALADIN|sentinel|389539,Approved,
R0094,1287955,Rune of Void-Tainted Shell,addition,PALADIN,,defensives,Retribution 825/41; Protection 345/14; Holy 139/6,1309,61,100% self-applied and DB2 says it absorbs damage → Defensive cooldowns (rule R1).,high,addition|defensives|PALADIN|rune of void-tainted shell|1287955,Rejected,
R0096,1237611,Palisade's Protection,addition,PALADIN,,defensives,Protection 1236/2; Holy 52/1,1288,3,100% self-applied and DB2 says it absorbs damage → Defensive cooldowns (rule R1).,high,addition|defensives|PALADIN|palisade's protection|1237611,Rejected,
R0113,1301739,Blessed Word,addition,PALADIN,,defensives,Protection 491/8,491,8,95% self-applied and DB2 says it absorbs damage → Defensive cooldowns (rule R1).,high,addition|defensives|PALADIN|blessed word|1301739,Rejected,
R0116,1277046,Adjudication,addition,PALADIN,,defensives,Protection 410/3,410,3,100% self-applied and DB2 says it absorbs damage → Defensive cooldowns (rule R1).,high,addition|defensives|PALADIN|adjudication|1277046,Rejected,
R0131,1254638,Solar Core Igniter,addition,PALADIN,,defensives,Protection 216/4,216,4,100% self-applied and DB2 says it absorbs damage → Defensive cooldowns (rule R1).,high,addition|defensives|PALADIN|solar core igniter|1254638,Rejected,
R0134,1254520,Gelatinous Protection,addition,PALADIN,,defensives,Protection 179/3; Holy 5/1,184,4,100% self-applied and DB2 says it absorbs damage → Defensive cooldowns (rule R1).,high,addition|defensives|PALADIN|gelatinous protection|1254520,Rejected,
R0143,1223612,Ethereal Barrier,addition,PALADIN,,defensives,Protection 107/3,107,3,100% self-applied and DB2 says it absorbs damage → Defensive cooldowns (rule R1).,high,addition|defensives|PALADIN|ethereal barrier|1223612,Rejected,
R0154,1254514,Coalesced Jelly,addition,PALADIN,,defensives,Protection 45/3; Holy 9/1,54,4,100% self-applied and DB2 says it absorbs damage → Defensive cooldowns (rule R1).,high,addition|defensives|PALADIN|coalesced jelly|1254514,Rejected,
R0160,65116,Stoneform,addition,PALADIN,,defensives,Retribution 17/4; Holy 7/3; Protection 7/2,31,9,100% self-applied and DB2 says it reduces damage taken → Defensive cooldowns (rule R1).,high,addition|defensives|PALADIN|stoneform|65116,Rejected,
R0161,1254641,Rotting Globule,addition,PALADIN,,defensives,Protection 27/3,27,3,100% self-applied and DB2 says it absorbs damage → Defensive cooldowns (rule R1).,high,addition|defensives|PALADIN|rotting globule|1254641,Rejected,
R0075,377066,Mental Fortitude,addition,PRIEST,,defensives,Shadow 5040/46,5040,46,100% self-applied and DB2 says it absorbs damage → Defensive cooldowns (rule R1).,high,addition|defensives|PRIEST|mental fortitude|377066,Rejected,
R0080,193065,Protective Light,addition,PRIEST,,defensives,Holy 1805/50; Discipline 891/28; Shadow 50/16,2746,94,100% self-applied and DB2 says it reduces damage taken → Defensive cooldowns (rule R1).,high,addition|defensives|PRIEST|protective light|193065,Rejected,
R0102,586,Fade,addition,PRIEST,,defensives,Shadow 451/37; Holy 413/43; Discipline 179/16,1043,96,100% self-applied and DB2 says it reduces damage taken → Defensive cooldowns (rule R1).,high,addition|defensives|PRIEST|fade|586,Rejected,
R0107,45242,Focused Will,addition,PRIEST,,defensives,Holy 482/48; Discipline 203/24,685,72,100% self-applied and DB2 says it reduces damage taken → Defensive cooldowns (rule R1).,high,addition|defensives|PRIEST|focused will|45242,Rejected,
R0117,426401,Focused Will,addition,PRIEST,,defensives,Shadow 383/44,383,44,100% self-applied and DB2 says it reduces damage taken → Defensive cooldowns (rule R1).,high,addition|defensives|PRIEST|focused will|426401,Rejected,
R0132,1287955,Rune of Void-Tainted Shell,addition,PRIEST,,defensives,Holy 143/4; Shadow 49/3; Discipline 11/1,203,8,100% self-applied and DB2 says it absorbs damage → Defensive cooldowns (rule R1).,high,addition|defensives|PRIEST|rune of void-tainted shell|1287955,Rejected,
R0136,114214,Angelic Bulwark,addition,PRIEST,,defensives,Holy 121/33; Discipline 27/8; Shadow 23/7,171,48,100% self-applied and DB2 says it absorbs damage → Defensive cooldowns (rule R1).,high,addition|defensives|PRIEST|angelic bulwark|114214,Rejected,
R0150,421453,Ultimate Penitence,addition,PRIEST,,defensives,Discipline 65/23,65,23,100% self-applied and DB2 says it absorbs damage → Defensive cooldowns (rule R1).,high,addition|defensives|PRIEST|ultimate penitence|421453,Rejected,
R0087,428488,Exhilarating Execution,addition,ROGUE,,defensives,Subtlety 1760/26,1760,26,100% self-applied and DB2 says it absorbs damage → Defensive cooldowns (rule R1).,high,addition|defensives|ROGUE|exhilarating execution|428488,Rejected,
R0088,386237,Fade to Nothing,addition,ROGUE,,defensives,Subtlety 1688/27,1688,27,100% self-applied and DB2 says it reduces damage taken → Defensive cooldowns (rule R1).,high,addition|defensives|ROGUE|fade to nothing|386237,Rejected,
R0148,1287955,Rune of Void-Tainted Shell,addition,ROGUE,,defensives,Assassination 40/2; Subtlety 21/1; Outlaw 18/2,79,5,100% self-applied and DB2 says it absorbs damage → Defensive cooldowns (rule R1).,high,addition|defensives|ROGUE|rune of void-tainted shell|1287955,Rejected,
R0151,45182,Cheating Death,addition,ROGUE,,defensives,Assassination 29/19; Subtlety 27/16; Outlaw 9/4,65,39,100% self-applied and DB2 says it reduces damage taken → Defensive cooldowns (rule R1).,high,addition|defensives|ROGUE|cheating death|45182,Rejected,
R0072,457387,Wind Barrier,addition,SHAMAN,,defensives,Restoration 6573/40; Enhancement 202/12; Elemental 16/1,6791,52,100% self-applied and DB2 says it absorbs damage → Defensive cooldowns (rule R1).,high,addition|defensives|SHAMAN|wind barrier|457387,Rejected,
R0092,260881,Spirit Wolf,addition,SHAMAN,,defensives,Elemental 845/41; Enhancement 278/19; Restoration 225/11,1348,70,100% self-applied and DB2 says it reduces damage taken → Defensive cooldowns (rule R1).,high,addition|defensives|SHAMAN|spirit wolf|260881,Rejected,This is a movement category aura
R0104,355634,Windveil,addition,SHAMAN,,defensives,Elemental 594/65; Enhancement 256/21; Restoration 84/12,934,97,100% self-applied and DB2 says it reduces damage taken → Defensive cooldowns (rule R1).,high,addition|defensives|SHAMAN|windveil|355634,Rejected,
R0129,1287955,Rune of Void-Tainted Shell,addition,SHAMAN,,defensives,Elemental 120/7; Restoration 95/4; Enhancement 40/3,255,14,100% self-applied and DB2 says it absorbs damage → Defensive cooldowns (rule R1).,high,addition|defensives|SHAMAN|rune of void-tainted shell|1287955,Rejected,
R0156,65116,Stoneform,addition,SHAMAN,,defensives,Restoration 24/7; Enhancement 13/2; Elemental 9/5,46,14,100% self-applied and DB2 says it reduces damage taken → Defensive cooldowns (rule R1).,high,addition|defensives|SHAMAN|stoneform|65116,Rejected,Racial
R0115,1287955,Rune of Void-Tainted Shell,addition,WARLOCK,,defensives,Demonology 353/17; Destruction 81/3; Affliction 15/1,449,21,100% self-applied and DB2 says it absorbs damage → Defensive cooldowns (rule R1).,high,addition|defensives|WARLOCK|rune of void-tainted shell|1287955,Rejected,
R0146,394810,Soulburn: Drain Life,addition,WARLOCK,,defensives,Destruction 58/3; Demonology 29/11; Affliction 3/2,90,16,100% self-applied and DB2 says it absorbs damage → Defensive cooldowns (rule R1).,high,addition|defensives|WARLOCK|soulburn: drain life|394810,Rejected,
R0149,389614,Abyss Walker,addition,WARLOCK,,defensives,Demonology 50/13; Affliction 16/4; Destruction 6/4,72,21,100% self-applied and DB2 says it reduces damage taken → Defensive cooldowns (rule R1).,high,addition|defensives|WARLOCK|abyss walker|389614,Rejected,
R0078,438591,Keep Your Feet on the Ground,addition,WARRIOR,,defensives,Protection 2448/32; Fury 1491/22; Arms 6/1,3945,54,100% self-applied and DB2 says it reduces damage taken → Defensive cooldowns (rule R1).,high,addition|defensives|WARRIOR|keep your feet on the ground|438591,Rejected,
R0110,436358,Demolish,addition,WARRIOR,,defensives,Arms 455/20; Protection 94/3,549,23,100% self-applied and DB2 says it reduces damage taken → Defensive cooldowns (rule R1).,high,addition|defensives|WARRIOR|demolish|436358,Rejected,"This is an offensive cooldown, move it there"
R0119,458245,Second Wind,addition,WARRIOR,,defensives,Arms 261/31; Protection 58/8; Fury 28/3,347,42,100% self-applied and DB2 says it absorbs damage → Defensive cooldowns (rule R1).,high,addition|defensives|WARRIOR|second wind|458245,Rejected,
R0126,1287955,Rune of Void-Tainted Shell,addition,WARRIOR,,defensives,Arms 229/12; Fury 49/2,278,14,100% self-applied and DB2 says it absorbs damage → Defensive cooldowns (rule R1).,high,addition|defensives|WARRIOR|rune of void-tainted shell|1287955,Rejected,
R0133,1242032,Worldsoul Aegis,addition,WARRIOR,,defensives,Protection 189/3; Arms 5/1,194,3,100% self-applied and DB2 says it absorbs damage → Defensive cooldowns (rule R1).,high,addition|defensives|WARRIOR|worldsoul aegis|1242032,Rejected,
R0138,1254520,Gelatinous Protection,addition,WARRIOR,,defensives,Protection 157/7,157,7,100% self-applied and DB2 says it absorbs damage → Defensive cooldowns (rule R1).,high,addition|defensives|WARRIOR|gelatinous protection|1254520,Rejected,
R0142,386208,Defensive Stance,addition,WARRIOR,,defensives,Arms 67/12; Protection 36/12; Fury 5/2,108,26,100% self-applied and DB2 says it absorbs damage and reduces damage taken → Defensive cooldowns (rule R1).,high,addition|defensives|WARRIOR|defensive stance|386208,Rejected,
R0147,1237611,Palisade's Protection,addition,WARRIOR,,defensives,Protection 82/3,82,3,100% self-applied and DB2 says it absorbs damage → Defensive cooldowns (rule R1).,high,addition|defensives|WARRIOR|palisade's protection|1237611,Rejected,
R0153,1254638,Solar Core Igniter,addition,WARRIOR,,defensives,Protection 47/4; Arms 9/1,56,5,100% self-applied and DB2 says it absorbs damage → Defensive cooldowns (rule R1).,high,addition|defensives|WARRIOR|solar core igniter|1254638,Rejected,
R0155,386397,Battle-Scarred Veteran,addition,WARRIOR,,defensives,Protection 49/20,49,20,100% self-applied and DB2 says it reduces damage taken → Defensive cooldowns (rule R1).,high,addition|defensives|WARRIOR|battle-scarred veteran|386397,Rejected,
R0168,1254514,Coalesced Jelly,addition,WARRIOR,,defensives,Protection 21/7,21,7,100% self-applied and DB2 says it absorbs damage → Defensive cooldowns (rule R1).,high,addition|defensives|WARRIOR|coalesced jelly|1254514,Rejected,
R0258,1285161,Protective Toadstools,addition,MAGE,,healing,Frost 206/5; Arcane 178/4,384,9,"DB2 says it absorbs damage, 61% applied to others, recast about 29.08s → Healing (rule R6).",medium,addition|healing|MAGE|protective toadstools|1285161,Rejected,
R0257,1265145,Refreshing Drink,addition,MONK,,healing,Brewmaster 2961/40,2961,40,"DB2 says it heals over time, 63% applied to others, recast about 10.95s → Healing (rule R6).",medium,addition|healing|MONK|refreshing drink|1265145,Rejected,
R0256,432607,Holy Bulwark,addition,PALADIN,,healing,Protection 5148/46; Holy 1717/9,6865,55,"DB2 says it absorbs damage, 58% applied to others, recast about 2s → Healing (rule R6).",medium,addition|healing|PALADIN|holy bulwark|432607,Rejected,
R0255,77489,Echo of Light,addition,PRIEST,,healing,Holy 28353/51,28353,51,"DB2 says it heals over time, 92% applied to others, recast about 1.38s → Healing (rule R6).",medium,addition|healing|PRIEST|echo of light|77489,Approved,
R0254,382024,Earthliving Weapon,addition,SHAMAN,,healing,Restoration 41738/53; Elemental 64/1,41802,53,"DB2 says it heals over time, 85% applied to others, recast about 3.73s → Healing (rule R6).",medium,addition|healing|SHAMAN|earthliving weapon|382024,Approved,
R0369,48265,Death's Advance,addition,DEATHKNIGHT,,movement,Blood 3652/74; Frost 336/23; Unholy 125/9,4113,106,DB2 says it raises movement speed → Movement (rule R4).,high,addition|movement|DEATHKNIGHT|death's advance|48265,Approved,
R0378,444347,Death Charge,addition,DEATHKNIGHT,,movement,Unholy 1153/72; Frost 38/3,1191,75,DB2 says it raises movement speed → Movement (rule R4).,high,addition|movement|DEATHKNIGHT|death charge|444347,Approved,
R0380,434029,Vampiric Speed,addition,DEATHKNIGHT,,movement,Blood 841/19; Unholy 256/7,1097,26,DB2 says it raises movement speed → Movement (rule R4).,high,addition|movement|DEATHKNIGHT|vampiric speed|434029,Approved,
R0389,212552,Wraith Walk,addition,DEATHKNIGHT,,movement,Blood 676/10; Unholy 53/20; Frost 21/5,750,34,DB2 says it raises movement speed → Movement (rule R4).,high,addition|movement|DEATHKNIGHT|wraith walk|212552,Approved,
R0393,1277482,Voidlust,addition,DEATHKNIGHT,,movement,Unholy 355/12; Blood 92/5; Frost 88/2,535,19,DB2 says it raises movement speed → Movement (rule R4).,high,addition|movement|DEATHKNIGHT|voidlust|1277482,Rejected,
R0415,1242775,Farstrider's Step,addition,DEATHKNIGHT,,movement,Unholy 215/13; Blood 32/4,247,16,DB2 says it raises movement speed → Movement (rule R4).,high,addition|movement|DEATHKNIGHT|farstrider's step|1242775,Rejected,
R0417,54861,Nitro Boosts,addition,DEATHKNIGHT,,movement,Blood 244/3; Unholy 1/1,245,3,DB2 says it raises movement speed → Movement (rule R4).,high,addition|movement|DEATHKNIGHT|nitro boosts|54861,Rejected,
R0373,389847,Felfire Haste,addition,DEMONHUNTER,,movement,Devourer 1562/84; Havoc 243/14; Vengeance 73/3,1878,101,DB2 says it raises movement speed → Movement (rule R4).,high,addition|movement|DEMONHUNTER|felfire haste|389847,Rejected,
R0386,1277482,Voidlust,addition,DEMONHUNTER,,movement,Devourer 494/17; Havoc 288/11; Vengeance 93/3,875,31,DB2 says it raises movement speed → Movement (rule R4).,high,addition|movement|DEMONHUNTER|voidlust|1277482,Rejected,
R0396,1242775,Farstrider's Step,addition,DEMONHUNTER,,movement,Devourer 279/26; Havoc 155/14; Vengeance 9/1,443,40,DB2 says it raises movement speed → Movement (rule R4).,high,addition|movement|DEMONHUNTER|farstrider's step|1242775,Rejected,
R0370,400126,Forestwalk,addition,DRUID,,movement,Restoration 2877/52; Guardian 345/12; Feral 284/11; Balance 6/1,3512,76,DB2 says it raises movement speed → Movement (rule R4).,high,addition|movement|DRUID|forestwalk|400126,Approved,
R0375,378991,Lycara's Teachings,addition,DRUID,,movement,Restoration 695/42; Balance 467/47; Guardian 377/51; Feral 120/22,1659,162,DB2 says it raises movement speed → Movement (rule R4).,high,addition|movement|DRUID|lycara's teachings|378991,Rejected,
R0377,1277482,Voidlust,addition,DRUID,,movement,Restoration 587/9; Balance 368/10; Feral 204/6; Guardian 98/4,1257,29,DB2 says it raises movement speed → Movement (rule R4).,high,addition|movement|DRUID|voidlust|1277482,Rejected,
R0384,165961,Travel Form,addition,DRUID,,movement,Restoration 508/42; Balance 241/37; Guardian 137/30; Feral 66/14,952,123,DB2 says it raises movement speed → Movement (rule R4).,high,addition|movement|DRUID|travel form|165961,Approved,
R0397,1242775,Farstrider's Step,addition,DRUID,,movement,Balance 337/15; Feral 79/6; Guardian 25/4,441,25,DB2 says it raises movement speed → Movement (rule R4).,high,addition|movement|DRUID|farstrider's step|1242775,Rejected,
R0408,252216,Tiger Dash,addition,DRUID,,movement,Restoration 276/16; Feral 29/5; Balance 17/3; Guardian 5/1,327,25,DB2 says it raises movement speed → Movement (rule R4).,high,addition|movement|DRUID|tiger dash|252216,Approved,
R0431,210053,Mount Form,addition,DRUID,,movement,Restoration 20/4; Balance 5/1; Guardian 4/3; Feral 2/1,31,9,DB2 says it raises movement speed → Movement (rule R4).,high,addition|movement|DRUID|mount form|210053,Approved,
R0391,433874,Deep Breath,addition,EVOKER,,movement,Devastation 655/21,655,21,DB2 says it raises movement speed → Movement (rule R4).,high,addition|movement|EVOKER|deep breath|433874,Rejected,
R0400,1277482,Voidlust,addition,EVOKER,,movement,Augmentation 182/6; Devastation 109/3; Preservation 107/5,398,14,DB2 says it raises movement speed → Movement (rule R4).,high,addition|movement|EVOKER|voidlust|1277482,Rejected,
R0405,442204,Breath of Eons,addition,EVOKER,,movement,Augmentation 350/26,350,26,DB2 says it raises movement speed → Movement (rule R4).,high,addition|movement|EVOKER|breath of eons|442204,Approved,
R0425,390148,Flow State,addition,EVOKER,,movement,Preservation 130/3,130,3,DB2 says it raises movement speed → Movement (rule R4).,high,addition|movement|EVOKER|flow state|390148,Rejected,
R0426,1242775,Farstrider's Step,addition,EVOKER,,movement,Devastation 62/5; Augmentation 60/6,122,11,DB2 says it raises movement speed → Movement (rule R4).,high,addition|movement|EVOKER|farstrider's step|1242775,Rejected,
R0429,432061,Motes of Acceleration,addition,EVOKER,,movement,Augmentation 27/1; Preservation 14/2,41,3,DB2 says it raises movement speed → Movement (rule R4).,high,addition|movement|EVOKER|motes of acceleration|432061,Rejected,
R0430,370889,Twin Guardian,addition,EVOKER,,movement,Augmentation 33/9; Devastation 4/3,37,12,DB2 says it raises movement speed → Movement (rule R4).,high,addition|movement|EVOKER|twin guardian|370889,Rejected,
R0371,1279347,Quick Draw,addition,HUNTER,,movement,Marksmanship 3321/23,3321,23,DB2 says it raises movement speed → Movement (rule R4).,high,addition|movement|HUNTER|quick draw|1279347,Rejected,
R0395,1242775,Farstrider's Step,addition,HUNTER,,movement,Beast Mastery 343/32; Survival 61/6; Marksmanship 52/1,456,39,DB2 says it raises movement speed → Movement (rule R4).,high,addition|movement|HUNTER|farstrider's step|1242775,Rejected,
R0399,1277482,Voidlust,addition,HUNTER,,movement,Beast Mastery 236/5; Marksmanship 105/3; Survival 63/3,404,11,DB2 says it raises movement speed → Movement (rule R4).,high,addition|movement|HUNTER|voidlust|1277482,Rejected,
R0381,1277482,Voidlust,addition,MAGE,,movement,Frost 678/20; Arcane 321/15; Fire 24/2,1023,34,DB2 says it raises movement speed → Movement (rule R4).,high,addition|movement|MAGE|voidlust|1277482,Rejected,
R0392,1242775,Farstrider's Step,addition,MAGE,,movement,Arcane 384/25; Frost 248/15; Fire 19/2,651,40,DB2 says it raises movement speed → Movement (rule R4).,high,addition|movement|MAGE|farstrider's step|1242775,Rejected,
R0367,443569,Chi-Ji's Swiftness,addition,MONK,,movement,Mistweaver 5019/31; Windwalker 843/4,5862,35,DB2 says it raises movement speed → Movement (rule R4).,high,addition|movement|MONK|chi-ji's swiftness|443569,Approved,
R0382,450552,Jade Walk,addition,MONK,,movement,Windwalker 555/38; Brewmaster 429/35; Mistweaver 33/2,1017,75,DB2 says it raises movement speed → Movement (rule R4).,high,addition|movement|MONK|jade walk|450552,Approved,
R0390,119085,Chi Torpedo,addition,MONK,,movement,Mistweaver 606/2; Brewmaster 48/3; Windwalker 23/3,677,8,DB2 says it raises movement speed → Movement (rule R4).,high,addition|movement|MONK|chi torpedo|119085,Approved,
R0404,1263345,Swift as a Coursing River,addition,MONK,,movement,Brewmaster 366/26,366,26,DB2 says it raises movement speed → Movement (rule R4).,high,addition|movement|MONK|swift as a coursing river|1263345,Rejected,
R0406,1266743,Reinvigoration,addition,MONK,,movement,Mistweaver 339/5,339,5,DB2 says it raises movement speed → Movement (rule R4).,high,addition|movement|MONK|reinvigoration|1266743,Rejected,
R0409,1272850,Initiator's Edge,addition,MONK,,movement,Brewmaster 313/27; Windwalker 13/1,326,28,DB2 says it raises movement speed → Movement (rule R4).,high,addition|movement|MONK|initiator's edge|1272850,Rejected,
R0410,1277482,Voidlust,addition,MONK,,movement,Brewmaster 175/9; Mistweaver 70/2; Windwalker 63/5,308,16,DB2 says it raises movement speed → Movement (rule R4).,high,addition|movement|MONK|voidlust|1277482,Rejected,
R0423,1242775,Farstrider's Step,addition,MONK,,movement,Windwalker 154/13; Mistweaver 17/2; Brewmaster 8/1,179,16,DB2 says it raises movement speed → Movement (rule R4).,high,addition|movement|MONK|farstrider's step|1242775,Rejected,
R0372,431381,Dawnlight,addition,PALADIN,,movement,Holy 2588/59; Retribution 79/24,2667,83,DB2 says it raises movement speed → Movement (rule R4).,high,addition|movement|PALADIN|dawnlight|431381,Rejected,
R0374,1277482,Voidlust,addition,PALADIN,,movement,Protection 980/5; Retribution 463/14; Holy 400/13,1843,31,DB2 says it raises movement speed → Movement (rule R4).,high,addition|movement|PALADIN|voidlust|1277482,Rejected,
R0388,20271,Judgment,addition,PALADIN,,movement,Retribution 821/16,821,16,DB2 says it raises movement speed → Movement (rule R4).,high,addition|movement|PALADIN|judgment|20271,Rejected,
R0401,24275,Hammer of Wrath,addition,PALADIN,,movement,Retribution 398/20,398,20,DB2 says it raises movement speed → Movement (rule R4).,high,addition|movement|PALADIN|hammer of wrath|24275,Rejected,
R0411,431752,Will of the Dawn,addition,PALADIN,,movement,Holy 199/45; Retribution 102/24,301,69,DB2 says it raises movement speed → Movement (rule R4).,high,addition|movement|PALADIN|will of the dawn|431752,Rejected,
R0413,1242775,Farstrider's Step,addition,PALADIN,,movement,Retribution 223/18; Protection 23/3; Holy 17/3,263,24,DB2 says it raises movement speed → Movement (rule R4).,high,addition|movement|PALADIN|farstrider's step|1242775,Rejected,
R0420,394454,Echoing Freedom,addition,PALADIN,,movement,Holy 192/28,192,28,DB2 says it raises movement speed → Movement (rule R4).,high,addition|movement|PALADIN|echoing freedom|394454,Approved,
R0398,1277482,Voidlust,addition,PRIEST,,movement,Holy 230/7; Discipline 104/4; Shadow 98/4,432,15,DB2 says it raises movement speed → Movement (rule R4).,high,addition|movement|PRIEST|voidlust|1277482,Rejected,
R0422,1242775,Farstrider's Step,addition,PRIEST,,movement,Shadow 180/15,180,15,DB2 says it raises movement speed → Movement (rule R4).,high,addition|movement|PRIEST|farstrider's step|1242775,Rejected,
R0394,36554,Shadowstep,addition,ROGUE,,movement,Assassination 252/26; Subtlety 219/26,471,51,DB2 says it raises movement speed → Movement (rule R4).,high,addition|movement|ROGUE|shadowstep|36554,Approved,
R0418,455144,Acrobatic Strikes,addition,ROGUE,,movement,Outlaw 232/6,232,6,DB2 says it raises movement speed → Movement (rule R4).,high,addition|movement|ROGUE|acrobatic strikes|455144,Rejected,
R0421,1277482,Voidlust,addition,ROGUE,,movement,Subtlety 150/6; Assassination 40/2,190,8,DB2 says it raises movement speed → Movement (rule R4).,high,addition|movement|ROGUE|voidlust|1277482,Rejected,
R0424,1242775,Farstrider's Step,addition,ROGUE,,movement,Assassination 96/8; Subtlety 54/6; Outlaw 19/2,169,16,DB2 says it raises movement speed → Movement (rule R4).,high,addition|movement|ROGUE|farstrider's step|1242775,Rejected,
R0376,454025,Electroshock,addition,SHAMAN,,movement,Elemental 744/15; Enhancement 552/11,1296,26,DB2 says it raises movement speed → Movement (rule R4).,high,addition|movement|SHAMAN|electroshock|454025,Approved,
R0385,1277482,Voidlust,addition,SHAMAN,,movement,Elemental 415/15; Restoration 368/13; Enhancement 98/4,881,31,DB2 says it raises movement speed → Movement (rule R4).,high,addition|movement|SHAMAN|voidlust|1277482,Rejected,
R0402,58875,Spirit Walk,addition,SHAMAN,,movement,Restoration 283/10; Enhancement 65/16; Elemental 34/7,382,32,DB2 says it raises movement speed → Movement (rule R4).,high,addition|movement|SHAMAN|spirit walk|58875,Approved,
R0412,1242775,Farstrider's Step,addition,SHAMAN,,movement,Elemental 193/18; Enhancement 64/6; Restoration 10/4,267,27,DB2 says it raises movement speed → Movement (rule R4).,high,addition|movement|SHAMAN|farstrider's step|1242775,Rejected,
R0414,468226,Lightning Conduit,addition,SHAMAN,,movement,Elemental 235/22; Enhancement 18/2,253,24,DB2 says it raises movement speed → Movement (rule R4).,high,addition|movement|SHAMAN|lightning conduit|468226,Approved,
R0387,1277482,Voidlust,addition,WARLOCK,,movement,Demonology 573/19; Destruction 157/5; Affliction 139/5,869,29,DB2 says it raises movement speed → Movement (rule R4).,high,addition|movement|WARLOCK|voidlust|1277482,Rejected,
R0403,1242775,Farstrider's Step,addition,WARLOCK,,movement,Demonology 283/26; Affliction 54/4; Destruction 41/3,378,33,DB2 says it raises movement speed → Movement (rule R4).,high,addition|movement|WARLOCK|farstrider's step|1242775,Rejected,
R0427,387633,Soulburn: Demonic Circle,addition,WARLOCK,,movement,Demonology 81/26; Affliction 12/4; Destruction 8/3,101,33,DB2 says it raises movement speed → Movement (rule R4).,high,addition|movement|WARLOCK|soulburn: demonic circle|387633,Approved,
R0428,54861,Nitro Boosts,addition,WARLOCK,,movement,Destruction 53/2; Demonology 9/2,62,4,DB2 says it raises movement speed → Movement (rule R4).,high,addition|movement|WARLOCK|nitro boosts|54861,Rejected,
R0366,184362,Enrage,addition,WARRIOR,,movement,Fury 13640/39,13640,39,DB2 says it raises movement speed → Movement (rule R4).,high,addition|movement|WARRIOR|enrage|184362,Rejected,
R0368,262232,War Machine,addition,WARRIOR,,movement,Arms 2536/73; Protection 1256/35; Fury 1211/39,5003,146,DB2 says it raises movement speed → Movement (rule R4).,high,addition|movement|WARRIOR|war machine|262232,Rejected,
R0379,202164,Bounding Stride,addition,WARRIOR,,movement,Arms 618/72; Protection 291/29; Fury 211/34,1120,134,DB2 says it raises movement speed → Movement (rule R4).,high,addition|movement|WARRIOR|bounding stride|202164,Approved,
R0383,446044,Relentless Pursuit,addition,WARRIOR,,movement,Arms 799/36; Fury 212/11,1011,47,DB2 says it raises movement speed → Movement (rule R4).,high,addition|movement|WARRIOR|relentless pursuit|446044,Approved,
R0407,1277482,Voidlust,addition,WARRIOR,,movement,Fury 240/7; Protection 49/2; Arms 41/2,330,11,DB2 says it raises movement speed → Movement (rule R4).,high,addition|movement|WARRIOR|voidlust|1277482,Rejected,
R0416,1242775,Farstrider's Step,addition,WARRIOR,,movement,Arms 206/14; Fury 24/3; Protection 16/2,246,19,DB2 says it raises movement speed → Movement (rule R4).,high,addition|movement|WARRIOR|farstrider's step|1242775,Rejected,
R0419,1244157,Piercing Howl,addition,WARRIOR,,movement,Protection 121/7; Fury 87/6; Arms 10/1,218,14,DB2 says it raises movement speed → Movement (rule R4).,high,addition|movement|WARRIOR|piercing howl|1244157,Approved,
R0228,1310372,Blood Debt,addition,DEATHKNIGHT,,offensiveCDs,Blood 1605/27,1605,27,"100% self-applied, DB2 says it raises a primary stat, recast about 73.06s → Offensive cooldowns (rule R3).",high,addition|offensiveCDs|DEATHKNIGHT|blood debt|1310372,Rejected,
R0229,469169,Swift and Painful,addition,DEATHKNIGHT,,offensiveCDs,Blood 1333/30; Frost 237/23,1570,53,"100% self-applied, DB2 says it raises a primary stat, recast about 105.22s → Offensive cooldowns (rule R3).",high,addition|offensiveCDs|DEATHKNIGHT|swift and painful|469169,Rejected,
R0230,1300369,Relentless Rider's Strength,addition,DEATHKNIGHT,,offensiveCDs,Blood 1500/26,1500,26,"100% self-applied, DB2 says it raises a primary stat, recast about 72.8s → Offensive cooldowns (rule R3).",high,addition|offensiveCDs|DEATHKNIGHT|relentless rider's strength|1300369,Rejected,
R0232,433925,Essence of the Blood Queen,addition,DEATHKNIGHT,,offensiveCDs,Blood 549/42; Unholy 107/8,656,50,"100% self-applied, DB2 says it raises haste, recast about 77.7s → Offensive cooldowns (rule R3).",high,addition|offensiveCDs|DEATHKNIGHT|essence of the blood queen|433925,Rejected,
R0236,1265630,Chosen of Frostbrood,addition,DEATHKNIGHT,,offensiveCDs,Frost 345/26,345,26,"100% self-applied, DB2 says it raises haste, recast about 91.67s → Offensive cooldowns (rule R3).",high,addition|offensiveCDs|DEATHKNIGHT|chosen of frostbrood|1265630,Rejected,
R0245,1252818,Akil'zon's Cry of Victory,addition,DEMONHUNTER,,offensiveCDs,Vengeance 50/2; Devourer 35/3,85,5,"100% self-applied, DB2 says it raises a secondary stat, recast about 66.99s → Offensive cooldowns (rule R3).",high,addition|offensiveCDs|DEMONHUNTER|akil'zon's cry of victory|1252818,Rejected,
R0432,1241715,Might of the Void,addition,ALL,,consumables,SHAMAN Restoration 3754/28; PALADIN Retribution 1970/66; MAGE Arcane 1735/41; PALADIN Protection 1594/20; MAGE Frost 1560/43; HUNTER Beast Mastery 1382/45; WARLOCK Destruction 1371/6; MONK Mistweaver 1170/21; WARLOCK Demonology 1166/39; PALADIN Holy 1045/30; DRUID Restoration 778/18; MONK Brewmaster 739/22; PRIEST Holy 720/18; DRUID Balance 709/21; DEMONHUNTER Havoc 648/22; DRUID Guardian 648/17; MONK Windwalker 522/18; SHAMAN Elemental 490/11; EVOKER Devastation 443/13; ROGUE Subtlety 406/15; EVOKER Augmentation 370/11; DEMONHUNTER Vengeance 369/12; DRUID Feral 352/11; PRIEST Discipline 338/9; WARLOCK Affliction 271/10; SHAMAN Enhancement 261/10; EVOKER Preservation 231/7; PRIEST Shadow 228/7; WARRIOR Protection 212/6; ROGUE Outlaw 209/6; MAGE Fire 179/5; WARRIOR Arms 174/7; DEMONHUNTER Devourer 172/5; HUNTER Marksmanship 148/6; HUNTER Survival 143/4; ROGUE Assassination 128/4; WARRIOR Fury 119/5,26754,634,"Applied by 12 classes (DEMONHUNTER, DRUID, EVOKER, HUNTER, MAGE, MONK, PALADIN, PRIEST, ROGUE, SHAMAN, WARLOCK, WARRIOR) with 26754 applications / 634 players; not in any of their player-castable spell pools, so an item or consumable effect → Consumables (rule R8).",high,addition|consumables|ALL|might of the void|1241715,Rejected,I want to delete the consumables category altogether
R0433,1287772,Rune of Critical Power,addition,ALL,,consumables,DEATHKNIGHT Blood 5683/25; SHAMAN Restoration 3007/17; MAGE Arcane 2909/47; DRUID Balance 1997/10; WARLOCK Demonology 1591/30; SHAMAN Elemental 1170/21; PRIEST Holy 907/15; DEATHKNIGHT Unholy 653/9; WARRIOR Arms 629/13; PRIEST Shadow 592/11; DEMONHUNTER Havoc 582/11; HUNTER Beast Mastery 533/10; PALADIN Protection 518/11; EVOKER Devastation 487/9; DEATHKNIGHT Frost 431/8; MONK Windwalker 367/8; WARLOCK Affliction 283/4; MAGE Frost 278/8; DRUID Guardian 249/5; ROGUE Outlaw 248/6; PALADIN Retribution 245/6; HUNTER Survival 206/2; SHAMAN Enhancement 155/3; ROGUE Assassination 139/3; HUNTER Marksmanship 133/3; WARLOCK Destruction 104/2; EVOKER Preservation 84/2; PRIEST Discipline 83/2; WARRIOR Protection 79/2; EVOKER Augmentation 73/1; MONK Brewmaster 71/1; PALADIN Holy 63/1; DRUID Feral 56/1; MONK Mistweaver 51/3; WARRIOR Fury 50/1; ROGUE Subtlety 45/1; DEMONHUNTER Devourer 43/1; DEMONHUNTER Vengeance 1/1,24795,311,"Applied by 13 classes (DEATHKNIGHT, DEMONHUNTER, DRUID, EVOKER, HUNTER, MAGE, MONK, PALADIN, PRIEST, ROGUE, SHAMAN, WARLOCK, WARRIOR) with 24795 applications / 311 players; not in any of their player-castable spell pools, so an item or consumable effect → Consumables (rule R8).",high,addition|consumables|ALL|rune of critical power|1287772,Rejected,I want to delete the consumables category altogether
R0434,1287774,Rune of Burning Haste,addition,ALL,,consumables,MONK Mistweaver 2898/12; PALADIN Protection 2401/11; WARLOCK Destruction 1539/3; WARRIOR Arms 1113/23; DRUID Restoration 811/11; DRUID Guardian 549/8; ROGUE Assassination 460/10; MAGE Arcane 451/10; PALADIN Holy 439/8; DEMONHUNTER Vengeance 427/9; PRIEST Holy 405/8; DEMONHUNTER Devourer 387/6; WARRIOR Protection 367/5; WARLOCK Demonology 323/8; PRIEST Discipline 274/5; DRUID Feral 257/5; DEMONHUNTER Havoc 254/5; DEATHKNIGHT Blood 250/3; DRUID Balance 217/3; PRIEST Shadow 207/5; SHAMAN Restoration 190/3; MONK Windwalker 184/3; MAGE Frost 166/3; PALADIN Retribution 153/3; SHAMAN Enhancement 143/3; MAGE Fire 141/2; WARLOCK Affliction 138/2; WARRIOR Fury 136/2; SHAMAN Elemental 126/3; EVOKER Preservation 125/2; ROGUE Outlaw 125/2; EVOKER Devastation 114/2; EVOKER Augmentation 107/2; HUNTER Beast Mastery 106/3; MONK Brewmaster 71/1; DEATHKNIGHT Frost 48/1; DEATHKNIGHT Unholy 45/1,16147,195,"Applied by 13 classes (DEATHKNIGHT, DEMONHUNTER, DRUID, EVOKER, HUNTER, MAGE, MONK, PALADIN, PRIEST, ROGUE, SHAMAN, WARLOCK, WARRIOR) with 16147 applications / 195 players; not in any of their player-castable spell pools, so an item or consumable effect → Consumables (rule R8).",high,addition|consumables|ALL|rune of burning haste|1287774,Rejected,I want to delete the consumables category altogether
R0435,1287771,Rune of Masterful Cunning,addition,ALL,,consumables,HUNTER Beast Mastery 3575/37; PALADIN Retribution 1993/40; PALADIN Holy 1137/14; DEMONHUNTER Devourer 858/15; DEATHKNIGHT Unholy 652/11; DRUID Balance 594/9; SHAMAN Elemental 513/11; MAGE Frost 481/8; HUNTER Marksmanship 284/2; PRIEST Shadow 258/4; PALADIN Protection 243/5; HUNTER Survival 221/5; ROGUE Subtlety 215/4; ROGUE Assassination 211/4; WARRIOR Arms 200/4; DEATHKNIGHT Blood 191/4; DRUID Feral 172/4; DRUID Restoration 164/3; EVOKER Preservation 157/4; PRIEST Discipline 137/2; DEMONHUNTER Vengeance 135/2; DEATHKNIGHT Frost 124/3; MAGE Arcane 124/3; MONK Windwalker 116/2; DRUID Guardian 93/2; WARLOCK Demonology 92/2; SHAMAN Enhancement 85/2; PRIEST Holy 58/1; MONK Mistweaver 46/1; SHAMAN Restoration 40/1; ROGUE Outlaw 34/1; WARLOCK Affliction 24/1; DEMONHUNTER Havoc 16/1,13243,212,"Applied by 13 classes (DEATHKNIGHT, DEMONHUNTER, DRUID, EVOKER, HUNTER, MAGE, MONK, PALADIN, PRIEST, ROGUE, SHAMAN, WARLOCK, WARRIOR) with 13243 applications / 212 players; not in any of their player-castable spell pools, so an item or consumable effect → Consumables (rule R8).",high,addition|consumables|ALL|rune of masterful cunning|1287771,Rejected,I want to delete the consumables category altogether
R0436,1252488,Masterful Hunt,addition,ALL,,consumables,SHAMAN Restoration 2150/8; DEATHKNIGHT Blood 2109/12; DEMONHUNTER Devourer 929/67; PALADIN Protection 639/10; PALADIN Holy 569/22; WARLOCK Demonology 491/31; MAGE Frost 488/36; MONK Mistweaver 423/5; DEATHKNIGHT Unholy 411/24; WARRIOR Arms 409/20; PALADIN Retribution 402/26; DRUID Restoration 375/16; WARRIOR Fury 241/15; PRIEST Holy 239/10; PRIEST Shadow 211/15; DRUID Guardian 198/14; DEMONHUNTER Vengeance 197/14; ROGUE Subtlety 193/16; ROGUE Assassination 155/8; PRIEST Discipline 152/9; MAGE Arcane 133/7; DRUID Balance 127/8; SHAMAN Elemental 122/6; DEMONHUNTER Havoc 108/10; HUNTER Beast Mastery 98/8; MONK Windwalker 88/8; MAGE Fire 86/4; SHAMAN Enhancement 83/7; EVOKER Preservation 80/4; HUNTER Survival 77/7; DRUID Feral 69/5; EVOKER Augmentation 65/7; MONK Brewmaster 65/3; DEATHKNIGHT Frost 52/5; WARRIOR Protection 52/3; EVOKER Devastation 48/3; WARLOCK Affliction 13/2; WARLOCK Destruction 13/1,12360,472,"Applied by 13 classes (DEATHKNIGHT, DEMONHUNTER, DRUID, EVOKER, HUNTER, MAGE, MONK, PALADIN, PRIEST, ROGUE, SHAMAN, WARLOCK, WARRIOR) with 12360 applications / 472 players; not in any of their player-castable spell pools, so an item or consumable effect → Consumables (rule R8).",high,addition|consumables|ALL|masterful hunt|1252488,Rejected,I want to delete the consumables category altogether
R0437,1263318,The Wind Awoken,addition,ALL,,consumables,WARLOCK Destruction 1130/3; DEMONHUNTER Devourer 886/24; MAGE Frost 774/13; WARLOCK Demonology 689/19; DRUID Guardian 680/14; DRUID Balance 479/9; PALADIN Protection 453/12; EVOKER Augmentation 442/11; DRUID Restoration 424/10; PALADIN Holy 382/9; PALADIN Retribution 361/10; DEATHKNIGHT Blood 336/5; MONK Mistweaver 304/7; SHAMAN Restoration 281/7; SHAMAN Elemental 275/9; DRUID Feral 264/7; WARLOCK Affliction 259/7; WARRIOR Protection 256/7; PRIEST Shadow 253/6; PRIEST Discipline 248/4; DEATHKNIGHT Unholy 233/6; PRIEST Holy 219/6; MONK Brewmaster 186/4; HUNTER Beast Mastery 167/5; DEMONHUNTER Vengeance 166/4; MAGE Arcane 165/5; WARRIOR Arms 158/4; WARRIOR Fury 144/3; HUNTER Survival 143/3; MONK Windwalker 136/4; ROGUE Assassination 125/4; DEMONHUNTER Havoc 115/3; EVOKER Preservation 110/3; DEATHKNIGHT Frost 85/2; EVOKER Devastation 81/2; MAGE Fire 74/2; HUNTER Marksmanship 72/3; ROGUE Subtlety 28/1; ROGUE Outlaw 22/1,11605,257,"Applied by 13 classes (DEATHKNIGHT, DEMONHUNTER, DRUID, EVOKER, HUNTER, MAGE, MONK, PALADIN, PRIEST, ROGUE, SHAMAN, WARLOCK, WARRIOR) with 11605 applications / 257 players; not in any of their player-castable spell pools, so an item or consumable effect → Consumables (rule R8).",high,addition|consumables|ALL|the wind awoken|1263318,Rejected,I want to delete the consumables category altogether
R0438,1266686,Alnsight,addition,ALL,,consumables,WARLOCK Destruction 1136/2; MAGE Frost 951/31; DEMONHUNTER Devourer 688/23; DEATHKNIGHT Unholy 457/16; WARLOCK Demonology 400/13; PALADIN Retribution 350/15; PALADIN Protection 328/11; PRIEST Shadow 319/10; DRUID Guardian 256/9; DEATHKNIGHT Blood 235/8; HUNTER Beast Mastery 231/9; MONK Windwalker 222/9; SHAMAN Elemental 209/8; PALADIN Holy 203/8; MONK Brewmaster 193/6; MAGE Arcane 183/6; MONK Mistweaver 182/5; PRIEST Holy 179/3; SHAMAN Restoration 172/5; DRUID Balance 166/5; DRUID Feral 163/5; EVOKER Augmentation 161/5; ROGUE Subtlety 152/7; WARRIOR Protection 140/4; PRIEST Discipline 138/5; DEMONHUNTER Havoc 131/5; DEMONHUNTER Vengeance 130/4; HUNTER Survival 102/3; WARRIOR Arms 98/4; EVOKER Devastation 93/3; DEATHKNIGHT Frost 78/4; SHAMAN Enhancement 71/4; DRUID Restoration 65/3; ROGUE Assassination 61/2; WARLOCK Affliction 56/2; WARRIOR Fury 51/2; EVOKER Preservation 50/2; HUNTER Marksmanship 15/1,8815,267,"Applied by 13 classes (DEATHKNIGHT, DEMONHUNTER, DRUID, EVOKER, HUNTER, MAGE, MONK, PALADIN, PRIEST, ROGUE, SHAMAN, WARLOCK, WARRIOR) with 8815 applications / 267 players; not in any of their player-castable spell pools, so an item or consumable effect → Consumables (rule R8).",high,addition|consumables|ALL|alnsight|1266686,Rejected,I want to delete the consumables category altogether
R0439,1297663,Halazzi's Rite,addition,ALL,,consumables,HUNTER Beast Mastery 1582/20; PALADIN Holy 1070/4; MAGE Arcane 735/20; PALADIN Retribution 631/17; WARRIOR Arms 512/15; DRUID Balance 505/6; ROGUE Assassination 334/10; DEMONHUNTER Devourer 297/8; SHAMAN Elemental 277/8; MONK Windwalker 262/7; DEMONHUNTER Havoc 214/7; WARLOCK Demonology 199/6; PRIEST Shadow 145/4; SHAMAN Enhancement 125/4; PRIEST Holy 89/2; HUNTER Marksmanship 69/2; ROGUE Outlaw 60/2; DEMONHUNTER Vengeance 59/2; EVOKER Devastation 48/1; ROGUE Subtlety 43/1; WARLOCK Destruction 41/1; DRUID Feral 40/1; EVOKER Preservation 40/1; PALADIN Protection 35/1; MAGE Frost 32/1; WARLOCK Affliction 29/1,7473,151,"Applied by 12 classes (DEMONHUNTER, DRUID, EVOKER, HUNTER, MAGE, MONK, PALADIN, PRIEST, ROGUE, SHAMAN, WARLOCK, WARRIOR) with 7473 applications / 151 players; not in any of their player-castable spell pools, so an item or consumable effect → Consumables (rule R8).",high,addition|consumables|ALL|halazzi's rite|1297663,Rejected,I want to delete the consumables category altogether
R0440,1266687,Alnscorned Essence,addition,ALL,,consumables,WARLOCK Destruction 860/2; MAGE Frost 713/31; DEMONHUNTER Devourer 538/23; DEATHKNIGHT Unholy 322/16; WARLOCK Demonology 296/13; PALADIN Retribution 268/15; PRIEST Shadow 245/10; PALADIN Protection 236/11; HUNTER Beast Mastery 183/9; DRUID Guardian 174/9; MONK Windwalker 172/9; DEATHKNIGHT Blood 169/8; SHAMAN Elemental 160/8; PALADIN Holy 157/8; MONK Brewmaster 146/6; MAGE Arcane 144/6; PRIEST Holy 138/3; MONK Mistweaver 133/5; SHAMAN Restoration 129/5; EVOKER Augmentation 128/5; DRUID Balance 123/5; ROGUE Subtlety 120/7; DRUID Feral 119/5; WARRIOR Protection 108/4; PRIEST Discipline 107/5; DEMONHUNTER Vengeance 101/4; DEMONHUNTER Havoc 100/5; WARRIOR Arms 78/4; HUNTER Survival 76/3; EVOKER Devastation 74/3; SHAMAN Enhancement 59/4; DRUID Restoration 58/3; DEATHKNIGHT Frost 55/4; ROGUE Assassination 48/2; WARLOCK Affliction 48/2; WARRIOR Fury 39/2; EVOKER Preservation 37/2; HUNTER Marksmanship 14/1,6675,267,"Applied by 13 classes (DEATHKNIGHT, DEMONHUNTER, DRUID, EVOKER, HUNTER, MAGE, MONK, PALADIN, PRIEST, ROGUE, SHAMAN, WARLOCK, WARRIOR) with 6675 applications / 267 players; not in any of their player-castable spell pools, so an item or consumable effect → Consumables (rule R8).",high,addition|consumables|ALL|alnscorned essence|1266687,Rejected,I want to delete the consumables category altogether
R0441,1266299,Fanatical Inspiration,addition,ALL,,consumables,SHAMAN Restoration 1588/6; PALADIN Holy 976/6; PALADIN Protection 549/6; PALADIN Retribution 445/16; DEMONHUNTER Devourer 310/10; SHAMAN Elemental 185/6; DEATHKNIGHT Blood 174/7; DRUID Balance 158/4; DEATHKNIGHT Unholy 152/5; DRUID Restoration 140/5; MAGE Arcane 131/4; HUNTER Beast Mastery 129/5; WARRIOR Protection 122/4; MAGE Frost 102/4; MONK Mistweaver 99/4; WARLOCK Demonology 99/5; WARRIOR Arms 99/4; ROGUE Subtlety 96/3; MONK Brewmaster 95/5; WARRIOR Fury 85/4; WARLOCK Destruction 80/3; DEMONHUNTER Havoc 78/3; DEATHKNIGHT Frost 75/2; PRIEST Discipline 60/2; DRUID Guardian 58/3; DEMONHUNTER Vengeance 56/2; PRIEST Holy 53/2; HUNTER Survival 46/2; PRIEST Shadow 43/2; ROGUE Outlaw 40/1; DRUID Feral 33/1; MONK Windwalker 33/1; EVOKER Preservation 32/1; EVOKER Augmentation 30/1; HUNTER Marksmanship 23/1; ROGUE Assassination 21/1; SHAMAN Enhancement 17/1; EVOKER Devastation 13/1,6525,140,"Applied by 13 classes (DEATHKNIGHT, DEMONHUNTER, DRUID, EVOKER, HUNTER, MAGE, MONK, PALADIN, PRIEST, ROGUE, SHAMAN, WARLOCK, WARRIOR) with 6525 applications / 140 players; not in any of their player-castable spell pools, so an item or consumable effect → Consumables (rule R8).",high,addition|consumables|ALL|fanatical inspiration|1266299,Rejected,I want to delete the consumables category altogether
R0442,1241762,Frenzied Focus,addition,ALL,,consumables,DEMONHUNTER Devourer 1410/45; PALADIN Protection 845/19; WARRIOR Arms 796/20; DRUID Guardian 537/17; ROGUE Assassination 306/10; PRIEST Discipline 304/8; WARRIOR Fury 291/10; WARRIOR Protection 266/9; SHAMAN Elemental 238/8; WARLOCK Demonology 213/6; DRUID Restoration 169/4; PRIEST Holy 166/4; PALADIN Retribution 137/4; DRUID Balance 132/3; DEMONHUNTER Vengeance 92/4; PRIEST Shadow 91/3; WARLOCK Affliction 71/3; MAGE Arcane 54/2; ROGUE Subtlety 53/2; WARLOCK Destruction 53/2; ROGUE Outlaw 50/1; DRUID Feral 44/1; EVOKER Augmentation 44/1; SHAMAN Enhancement 38/2; MAGE Fire 18/1; PALADIN Holy 14/1; SHAMAN Restoration 14/1,6446,190,"Applied by 10 classes (DEMONHUNTER, DRUID, EVOKER, MAGE, PALADIN, PRIEST, ROGUE, SHAMAN, WARLOCK, WARRIOR) with 6446 applications / 190 players; not in any of their player-castable spell pools, so an item or consumable effect → Consumables (rule R8).",high,addition|consumables|ALL|frenzied focus|1241762,Rejected,I want to delete the consumables category altogether
R0443,1241759,Genius Insight,addition,ALL,,consumables,DEMONHUNTER Devourer 2064/61; PRIEST Shadow 590/16; HUNTER Survival 449/11; DRUID Balance 442/5; WARRIOR Fury 393/12; PALADIN Retribution 386/11; SHAMAN Elemental 383/13; HUNTER Beast Mastery 347/11; DEMONHUNTER Havoc 195/5; MAGE Frost 153/3; ROGUE Subtlety 145/6; DEMONHUNTER Vengeance 102/3; MONK Windwalker 84/3; WARLOCK Demonology 74/2; SHAMAN Restoration 72/2; EVOKER Preservation 65/2; SHAMAN Enhancement 63/2; WARRIOR Arms 56/2; HUNTER Marksmanship 38/1; EVOKER Devastation 36/1; PRIEST Holy 34/1; ROGUE Assassination 34/1; DRUID Restoration 33/1; MAGE Arcane 7/1,6245,173,"Applied by 12 classes (DEMONHUNTER, DRUID, EVOKER, HUNTER, MAGE, MONK, PALADIN, PRIEST, ROGUE, SHAMAN, WARLOCK, WARRIOR) with 6245 applications / 173 players; not in any of their player-castable spell pools, so an item or consumable effect → Consumables (rule R8).",high,addition|consumables|ALL|genius insight|1241759,Rejected,I want to delete the consumables category altogether
R0444,1252486,Hasty Hunt,addition,ALL,,consumables,DEATHKNIGHT Blood 1198/11; DEMONHUNTER Devourer 679/61; SHAMAN Restoration 456/6; WARLOCK Demonology 356/29; MAGE Frost 325/33; PALADIN Protection 300/8; DEATHKNIGHT Unholy 224/21; PALADIN Retribution 223/23; MONK Mistweaver 185/4; PALADIN Holy 173/19; WARRIOR Arms 158/16; DRUID Guardian 134/11; PRIEST Shadow 132/12; HUNTER Survival 112/7; DEMONHUNTER Vengeance 108/10; HUNTER Beast Mastery 105/8; DEMONHUNTER Havoc 95/10; DRUID Restoration 93/12; MAGE Arcane 89/6; ROGUE Subtlety 88/12; WARRIOR Fury 85/11; EVOKER Augmentation 74/6; DRUID Balance 72/6; PRIEST Discipline 72/5; PRIEST Holy 67/10; ROGUE Assassination 67/8; SHAMAN Elemental 64/5; EVOKER Preservation 61/4; SHAMAN Enhancement 57/8; DEATHKNIGHT Frost 51/4; MAGE Fire 48/3; DRUID Feral 45/4; MONK Brewmaster 44/3; WARRIOR Protection 42/3; EVOKER Devastation 32/3; MONK Windwalker 28/8; WARLOCK Destruction 2/1; WARLOCK Affliction 1/1,6145,409,"Applied by 13 classes (DEATHKNIGHT, DEMONHUNTER, DRUID, EVOKER, HUNTER, MAGE, MONK, PALADIN, PRIEST, ROGUE, SHAMAN, WARLOCK, WARRIOR) with 6145 applications / 409 players; not in any of their player-castable spell pools, so an item or consumable effect → Consumables (rule R8).",high,addition|consumables|ALL|hasty hunt|1252486,Rejected,I want to delete the consumables category altogether
R0445,1255504,Solarflare Prism,addition,ALL,,consumables,DEATHKNIGHT Blood 1027/9; PALADIN Retribution 841/25; HUNTER Beast Mastery 796/28; PALADIN Protection 391/12; DEATHKNIGHT Unholy 346/10; MONK Windwalker 335/8; MONK Brewmaster 296/9; WARRIOR Arms 295/9; DRUID Guardian 281/5; HUNTER Marksmanship 255/3; DEMONHUNTER Havoc 226/6; WARRIOR Fury 176/5; ROGUE Outlaw 108/3; DEATHKNIGHT Frost 82/3; DEMONHUNTER Vengeance 71/4; ROGUE Subtlety 66/2; ROGUE Assassination 65/2; WARRIOR Protection 48/2; MONK Mistweaver 43/1; SHAMAN Enhancement 42/2; DRUID Feral 40/1; HUNTER Survival 32/1; PALADIN Holy 28/1,5890,150,"Applied by 9 classes (DEATHKNIGHT, DEMONHUNTER, DRUID, HUNTER, MONK, PALADIN, ROGUE, SHAMAN, WARRIOR) with 5890 applications / 150 players; not in any of their player-castable spell pools, so an item or consumable effect → Consumables (rule R8).",high,addition|consumables|ALL|solarflare prism|1255504,Rejected,I want to delete the consumables category altogether
R0446,1252489,Versatile Hunt,addition,ALL,,consumables,DEATHKNIGHT Blood 823/8; DEMONHUNTER Devourer 667/50; MAGE Frost 485/30; SHAMAN Restoration 363/5; PALADIN Holy 254/15; PALADIN Protection 226/7; WARLOCK Demonology 223/21; WARRIOR Arms 187/11; PALADIN Retribution 171/15; WARRIOR Fury 169/11; DEATHKNIGHT Unholy 165/14; ROGUE Subtlety 134/10; DEMONHUNTER Vengeance 129/9; DRUID Balance 116/7; PRIEST Discipline 113/8; PRIEST Shadow 111/9; SHAMAN Enhancement 93/6; DRUID Guardian 91/7; DEMONHUNTER Havoc 88/6; EVOKER Augmentation 88/7; DRUID Feral 73/4; MONK Windwalker 73/5; MONK Mistweaver 54/4; HUNTER Survival 53/7; HUNTER Beast Mastery 47/7; ROGUE Assassination 39/6; WARLOCK Affliction 37/2; DEATHKNIGHT Frost 35/3; PRIEST Holy 34/6; DRUID Restoration 33/10; EVOKER Devastation 32/1; MAGE Arcane 19/3; EVOKER Preservation 10/2; MAGE Fire 10/3; WARRIOR Protection 10/2; MONK Brewmaster 7/2; SHAMAN Elemental 7/3; WARLOCK Destruction 3/1,5272,323,"Applied by 13 classes (DEATHKNIGHT, DEMONHUNTER, DRUID, EVOKER, HUNTER, MAGE, MONK, PALADIN, PRIEST, ROGUE, SHAMAN, WARLOCK, WARRIOR) with 5272 applications / 323 players; not in any of their player-castable spell pools, so an item or consumable effect → Consumables (rule R8).",high,addition|consumables|ALL|versatile hunt|1252489,Rejected,I want to delete the consumables category altogether
R0447,1252487,Focused Hunt,addition,ALL,,consumables,DEATHKNIGHT Blood 976/11; SHAMAN Restoration 463/4; DEMONHUNTER Devourer 436/50; PALADIN Protection 320/7; MAGE Frost 228/26; WARLOCK Demonology 170/20; WARRIOR Arms 168/13; PALADIN Holy 167/14; DEATHKNIGHT Unholy 153/17; MONK Mistweaver 150/4; PALADIN Retribution 134/18; PRIEST Shadow 127/14; DEMONHUNTER Vengeance 117/13; WARRIOR Fury 105/10; DRUID Restoration 97/12; ROGUE Subtlety 94/10; DRUID Guardian 74/6; DEMONHUNTER Havoc 73/8; HUNTER Beast Mastery 59/7; PRIEST Holy 56/7; ROGUE Assassination 53/6; MONK Windwalker 50/5; DRUID Balance 49/6; EVOKER Augmentation 42/6; HUNTER Survival 39/6; PRIEST Discipline 36/7; DEATHKNIGHT Frost 35/3; SHAMAN Elemental 33/6; DRUID Feral 32/4; MAGE Arcane 32/2; SHAMAN Enhancement 29/4; MAGE Fire 27/3; WARRIOR Protection 24/2; EVOKER Preservation 21/2; MONK Brewmaster 15/3; EVOKER Devastation 13/1; WARLOCK Destruction 3/1,4700,336,"Applied by 13 classes (DEATHKNIGHT, DEMONHUNTER, DRUID, EVOKER, HUNTER, MAGE, MONK, PALADIN, PRIEST, ROGUE, SHAMAN, WARLOCK, WARRIOR) with 4700 applications / 336 players; not in any of their player-castable spell pools, so an item or consumable effect → Consumables (rule R8).",high,addition|consumables|ALL|focused hunt|1252487,Rejected,I want to delete the consumables category altogether
R0448,387028,Burning Embers,addition,ALL,,consumables,SHAMAN Restoration 2697/3; PALADIN Holy 1194/2; EVOKER Preservation 256/2; MONK Mistweaver 134/1; ROGUE Outlaw 8/1,4289,9,"Applied by 5 classes (EVOKER, MONK, PALADIN, ROGUE, SHAMAN) with 4289 applications / 9 players; not in any of their player-castable spell pools, so an item or consumable effect → Consumables (rule R8).",high,addition|consumables|ALL|burning embers|387028,Rejected,I want to delete the consumables category altogether
R0449,1297664,Akil'zon's Rite,addition,ALL,,consumables,HUNTER Beast Mastery 1203/20; PALADIN Holy 804/4; PALADIN Retribution 457/17; DRUID Balance 247/6; DEMONHUNTER Devourer 198/8; SHAMAN Elemental 180/8; MAGE Arcane 119/16; PRIEST Shadow 119/4; SHAMAN Enhancement 93/4; MONK Windwalker 74/7; WARRIOR Arms 59/15; DEMONHUNTER Havoc 52/7; ROGUE Assassination 42/10; DRUID Feral 38/1; EVOKER Devastation 35/1; HUNTER Marksmanship 32/2; ROGUE Subtlety 29/1; DEMONHUNTER Vengeance 24/1; WARLOCK Demonology 24/6; MAGE Frost 21/1; PRIEST Holy 14/2; EVOKER Preservation 9/1; WARLOCK Destruction 6/1; ROGUE Outlaw 5/2; PALADIN Protection 4/1; WARLOCK Affliction 4/1,3892,146,"Applied by 12 classes (DEMONHUNTER, DRUID, EVOKER, HUNTER, MAGE, MONK, PALADIN, PRIEST, ROGUE, SHAMAN, WARLOCK, WARRIOR) with 3892 applications / 146 players; not in any of their player-castable spell pools, so an item or consumable effect → Consumables (rule R8).",high,addition|consumables|ALL|akil'zon's rite|1297664,Rejected,I want to delete the consumables category altogether
R0450,1295057,Tidal Insight,addition,ALL,,consumables,MONK Mistweaver 1434/3; MAGE Arcane 323/3; DEMONHUNTER Devourer 300/5; DRUID Balance 260/4; PRIEST Shadow 222/4; SHAMAN Restoration 173/3; PALADIN Holy 172/3; DRUID Restoration 139/2; SHAMAN Elemental 132/2; WARLOCK Demonology 131/2; WARLOCK Affliction 64/1; MAGE Frost 63/1; EVOKER Augmentation 59/1; EVOKER Preservation 59/1; PRIEST Holy 59/1; PRIEST Discipline 58/1,3648,37,"Applied by 9 classes (DEMONHUNTER, DRUID, EVOKER, MAGE, MONK, PALADIN, PRIEST, SHAMAN, WARLOCK) with 3648 applications / 37 players; not in any of their player-castable spell pools, so an item or consumable effect → Consumables (rule R8).",high,addition|consumables|ALL|tidal insight|1295057,Rejected,I want to delete the consumables category altogether
R0451,1259230,Seized Power,addition,ALL,,consumables,DEATHKNIGHT Blood 2735/1; HUNTER Beast Mastery 177/6; PALADIN Retribution 127/4; WARRIOR Fury 114/4; DEMONHUNTER Devourer 66/2; SHAMAN Elemental 63/2; DRUID Balance 54/2; DEATHKNIGHT Unholy 47/2; PALADIN Protection 44/2; WARRIOR Arms 41/2; MAGE Arcane 36/1; WARRIOR Protection 32/1; HUNTER Marksmanship 30/1; DEMONHUNTER Vengeance 26/1; WARLOCK Affliction 19/1; PALADIN Holy 12/1,3623,33,"Applied by 9 classes (DEATHKNIGHT, DEMONHUNTER, DRUID, HUNTER, MAGE, PALADIN, SHAMAN, WARLOCK, WARRIOR) with 3623 applications / 33 players; not in any of their player-castable spell pools, so an item or consumable effect → Consumables (rule R8).",high,addition|consumables|ALL|seized power|1259230,Rejected,I want to delete the consumables category altogether
R0452,1285161,Protective Toadstools,addition,ALL,,consumables,PRIEST Discipline 357/4; DEATHKNIGHT Unholy 337/7; HUNTER Beast Mastery 308/7; DRUID Guardian 282/5; DRUID Restoration 280/4; SHAMAN Elemental 224/6; DEMONHUNTER Devourer 213/4; WARLOCK Affliction 163/2; PALADIN Holy 158/3; SHAMAN Restoration 117/2; EVOKER Augmentation 109/2; PALADIN Retribution 109/4; DEMONHUNTER Havoc 106/2; EVOKER Preservation 93/2; PRIEST Holy 88/2; HUNTER Survival 84/2; PRIEST Shadow 76/2; MONK Brewmaster 60/1; DRUID Feral 59/1; WARRIOR Protection 57/1; MONK Mistweaver 53/1; WARRIOR Fury 43/1; WARRIOR Arms 36/1; ROGUE Subtlety 35/1; WARLOCK Demonology 27/1; PALADIN Protection 20/1; DRUID Balance 16/1,3510,70,"Applied by 12 classes (DEATHKNIGHT, DEMONHUNTER, DRUID, EVOKER, HUNTER, MONK, PALADIN, PRIEST, ROGUE, SHAMAN, WARLOCK, WARRIOR) with 3510 applications / 70 players; not in any of their player-castable spell pools, so an item or consumable effect → Consumables (rule R8).",high,addition|consumables|ALL|protective toadstools|1285161,Rejected,I want to delete the consumables category altogether
R0453,1247577,Akil'zon's Clarity,addition,ALL,,consumables,DEATHKNIGHT Blood 2148/7; WARRIOR Arms 114/6; DEATHKNIGHT Unholy 107/3; PALADIN Holy 98/5; PALADIN Retribution 94/4; SHAMAN Elemental 75/3; DRUID Balance 65/3; WARLOCK Demonology 64/3; SHAMAN Enhancement 54/2; DRUID Restoration 53/3; WARRIOR Fury 53/2; EVOKER Preservation 51/2; WARRIOR Protection 49/2; SHAMAN Restoration 42/2; EVOKER Augmentation 40/2; HUNTER Beast Mastery 39/2; DEATHKNIGHT Frost 38/1; MONK Mistweaver 35/1; MONK Brewmaster 34/1; HUNTER Marksmanship 32/1; PRIEST Discipline 32/1; PRIEST Holy 32/3; HUNTER Survival 26/1; DRUID Feral 22/1; ROGUE Assassination 22/2; MAGE Arcane 20/2; PRIEST Shadow 17/1; MONK Windwalker 16/1; DEMONHUNTER Havoc 13/1; DEMONHUNTER Devourer 9/1; MAGE Frost 6/1,3500,69,"Applied by 13 classes (DEATHKNIGHT, DEMONHUNTER, DRUID, EVOKER, HUNTER, MAGE, MONK, PALADIN, PRIEST, ROGUE, SHAMAN, WARLOCK, WARRIOR) with 3500 applications / 69 players; not in any of their player-castable spell pools, so an item or consumable effect → Consumables (rule R8).",high,addition|consumables|ALL|akil'zon's clarity|1247577,Rejected,I want to delete the consumables category altogether
R0454,1295898,Versatile Ritual,addition,ALL,,consumables,HUNTER Beast Mastery 667/16; MAGE Arcane 540/31; DRUID Balance 419/11; DEMONHUNTER Devourer 197/11; DEMONHUNTER Havoc 156/9; ROGUE Assassination 152/10; PALADIN Retribution 150/11; EVOKER Devastation 118/7; DEATHKNIGHT Blood 117/7; WARLOCK Demonology 115/8; WARRIOR Arms 94/7; PRIEST Holy 91/4; SHAMAN Enhancement 69/4; HUNTER Survival 68/2; ROGUE Outlaw 54/4; MONK Windwalker 51/3; DEMONHUNTER Vengeance 50/3; SHAMAN Elemental 49/4; PRIEST Shadow 46/3; ROGUE Subtlety 43/2; DEATHKNIGHT Frost 30/2; WARLOCK Destruction 23/1; EVOKER Augmentation 22/1; MONK Brewmaster 22/1; WARRIOR Protection 15/1; HUNTER Marksmanship 10/1; WARLOCK Affliction 10/1,3378,165,"Applied by 13 classes (DEATHKNIGHT, DEMONHUNTER, DRUID, EVOKER, HUNTER, MAGE, MONK, PALADIN, PRIEST, ROGUE, SHAMAN, WARLOCK, WARRIOR) with 3378 applications / 165 players; not in any of their player-castable spell pools, so an item or consumable effect → Consumables (rule R8).",high,addition|consumables|ALL|versatile ritual|1295898,Rejected,I want to delete the consumables category altogether
R0455,1254577,Refueling Orb,addition,ALL,,consumables,SHAMAN Restoration 1421/3; DRUID Restoration 561/4; PALADIN Holy 338/2; SHAMAN Elemental 288/4; EVOKER Preservation 191/1; PRIEST Shadow 178/1; MONK Mistweaver 166/1; PRIEST Discipline 126/1; DEMONHUNTER Devourer 108/1,3377,17,"Applied by 7 classes (DEMONHUNTER, DRUID, EVOKER, MONK, PALADIN, PRIEST, SHAMAN) with 3377 applications / 17 players; not in any of their player-castable spell pools, so an item or consumable effect → Consumables (rule R8).",high,addition|consumables|ALL|refueling orb|1254577,Rejected,I want to delete the consumables category altogether
R0456,1295582,Focus of Ula'tek,addition,ALL,,consumables,ROGUE Assassination 861/6; HUNTER Beast Mastery 512/4; WARRIOR Arms 473/3; PALADIN Retribution 457/3; ROGUE Subtlety 344/2; DRUID Guardian 303/2; WARRIOR Protection 158/1; ROGUE Outlaw 112/1; SHAMAN Elemental 78/1; DEMONHUNTER Havoc 38/1; DRUID Feral 4/1,3340,25,"Applied by 7 classes (DEMONHUNTER, DRUID, HUNTER, PALADIN, ROGUE, SHAMAN, WARRIOR) with 3340 applications / 25 players; not in any of their player-castable spell pools, so an item or consumable effect → Consumables (rule R8).",high,addition|consumables|ALL|focus of ula'tek|1295582,Rejected,I want to delete the consumables category altogether
R0457,281744,Restlessness,addition,ALL,,consumables,MAGE Arcane 867/9; SHAMAN Elemental 281/2; MONK Mistweaver 280/2; WARLOCK Demonology 274/4; PRIEST Holy 159/3; EVOKER Augmentation 121/1; DRUID Balance 103/1; DEMONHUNTER Devourer 101/2; SHAMAN Restoration 94/2; HUNTER Beast Mastery 89/4; PALADIN Holy 87/2; WARRIOR Arms 82/3; WARLOCK Destruction 76/1; PRIEST Shadow 72/1; HUNTER Survival 71/2; DEMONHUNTER Vengeance 69/2; EVOKER Preservation 66/1; PALADIN Retribution 62/1; DRUID Guardian 57/2; DRUID Restoration 55/1; MONK Brewmaster 38/2; DEATHKNIGHT Frost 22/2; DEATHKNIGHT Blood 18/1; DEMONHUNTER Havoc 11/1; ROGUE Assassination 11/1,3166,52,"Applied by 13 classes (DEATHKNIGHT, DEMONHUNTER, DRUID, EVOKER, HUNTER, MAGE, MONK, PALADIN, PRIEST, ROGUE, SHAMAN, WARLOCK, WARRIOR) with 3166 applications / 52 players; not in any of their player-castable spell pools, so an item or consumable effect → Consumables (rule R8).",high,addition|consumables|ALL|restlessness|281744,Rejected,I want to delete the consumables category altogether
R0458,1295900,Hasty Ritual,addition,ALL,,consumables,HUNTER Beast Mastery 572/16; MAGE Arcane 483/31; DRUID Balance 373/11; DEMONHUNTER Devourer 162/11; PALADIN Retribution 146/11; DEMONHUNTER Havoc 112/9; ROGUE Assassination 108/10; WARLOCK Demonology 93/8; DEATHKNIGHT Blood 88/8; EVOKER Devastation 88/7; WARRIOR Arms 79/7; PRIEST Holy 59/4; HUNTER Survival 55/2; SHAMAN Enhancement 44/4; PRIEST Shadow 41/3; ROGUE Outlaw 40/4; ROGUE Subtlety 40/2; SHAMAN Elemental 39/4; DEMONHUNTER Vengeance 38/3; MONK Windwalker 32/3; DEATHKNIGHT Frost 24/2; WARLOCK Destruction 22/1; EVOKER Augmentation 18/1; HUNTER Marksmanship 17/1; WARLOCK Affliction 17/1; MONK Brewmaster 15/1; WARRIOR Protection 11/1,2816,166,"Applied by 13 classes (DEATHKNIGHT, DEMONHUNTER, DRUID, EVOKER, HUNTER, MAGE, MONK, PALADIN, PRIEST, ROGUE, SHAMAN, WARLOCK, WARRIOR) with 2816 applications / 166 players; not in any of their player-castable spell pools, so an item or consumable effect → Consumables (rule R8).",high,addition|consumables|ALL|hasty ritual|1295900,Rejected,I want to delete the consumables category altogether
R0459,1295901,Masterful Ritual,addition,ALL,,consumables,HUNTER Beast Mastery 565/16; MAGE Arcane 444/31; DRUID Balance 354/11; DEMONHUNTER Devourer 173/11; PALADIN Retribution 161/11; DEMONHUNTER Havoc 107/9; DEATHKNIGHT Blood 104/7; WARLOCK Demonology 102/8; ROGUE Assassination 98/10; EVOKER Devastation 86/7; WARRIOR Arms 77/7; PRIEST Holy 70/4; HUNTER Survival 67/2; DEMONHUNTER Vengeance 45/3; SHAMAN Enhancement 43/4; MONK Windwalker 38/3; ROGUE Subtlety 38/2; SHAMAN Elemental 38/4; ROGUE Outlaw 37/4; PRIEST Shadow 36/3; DEATHKNIGHT Frost 27/2; HUNTER Marksmanship 18/1; EVOKER Augmentation 16/1; WARLOCK Affliction 14/1; WARRIOR Protection 14/1; MONK Brewmaster 12/1; WARLOCK Destruction 12/1,2796,165,"Applied by 13 classes (DEATHKNIGHT, DEMONHUNTER, DRUID, EVOKER, HUNTER, MAGE, MONK, PALADIN, PRIEST, ROGUE, SHAMAN, WARLOCK, WARRIOR) with 2796 applications / 165 players; not in any of their player-castable spell pools, so an item or consumable effect → Consumables (rule R8).",high,addition|consumables|ALL|masterful ritual|1295901,Rejected,I want to delete the consumables category altogether
R0460,1241761,Precision of the Dragonhawk,addition,ALL,,consumables,WARLOCK Demonology 730/18; WARRIOR Arms 359/13; MAGE Frost 341/10; PRIEST Shadow 183/5; HUNTER Beast Mastery 181/5; SHAMAN Elemental 181/5; WARLOCK Affliction 164/4; DEMONHUNTER Havoc 117/3; ROGUE Outlaw 105/3; SHAMAN Restoration 83/2; MAGE Arcane 43/1; ROGUE Assassination 43/2; PALADIN Retribution 37/1; WARLOCK Destruction 36/1; ROGUE Subtlety 31/1; DEMONHUNTER Devourer 30/1; DRUID Balance 26/1; WARRIOR Protection 25/1; HUNTER Marksmanship 23/1; SHAMAN Enhancement 17/1; DEMONHUNTER Vengeance 7/1,2762,80,"Applied by 10 classes (DEMONHUNTER, DRUID, HUNTER, MAGE, PALADIN, PRIEST, ROGUE, SHAMAN, WARLOCK, WARRIOR) with 2762 applications / 80 players; not in any of their player-castable spell pools, so an item or consumable effect → Consumables (rule R8).",high,addition|consumables|ALL|precision of the dragonhawk|1241761,Rejected,I want to delete the consumables category altogether
R0461,1295899,Critical Ritual,addition,ALL,,consumables,HUNTER Beast Mastery 545/16; MAGE Arcane 453/31; DRUID Balance 380/11; DEMONHUNTER Devourer 158/11; PALADIN Retribution 156/11; DEMONHUNTER Havoc 114/9; ROGUE Assassination 104/10; WARLOCK Demonology 98/8; DEATHKNIGHT Blood 97/7; EVOKER Devastation 97/7; HUNTER Survival 77/2; WARRIOR Arms 62/7; PRIEST Holy 48/4; SHAMAN Enhancement 47/4; ROGUE Outlaw 45/4; SHAMAN Elemental 43/4; MONK Windwalker 41/3; PRIEST Shadow 34/3; DEMONHUNTER Vengeance 31/3; ROGUE Subtlety 31/2; DEATHKNIGHT Frost 23/2; EVOKER Augmentation 15/1; HUNTER Marksmanship 15/1; WARRIOR Protection 15/1; WARLOCK Affliction 14/1; WARLOCK Destruction 12/1; MONK Brewmaster 5/1,2760,165,"Applied by 13 classes (DEATHKNIGHT, DEMONHUNTER, DRUID, EVOKER, HUNTER, MAGE, MONK, PALADIN, PRIEST, ROGUE, SHAMAN, WARLOCK, WARRIOR) with 2760 applications / 165 players; not in any of their player-castable spell pools, so an item or consumable effect → Consumables (rule R8).",high,addition|consumables|ALL|critical ritual|1295899,Rejected,I want to delete the consumables category altogether
R0462,1296714,Faith in Ula'tek,addition,ALL,,consumables,DRUID Balance 846/3; MAGE Arcane 193/6; PALADIN Retribution 157/5; HUNTER Beast Mastery 133/5; WARRIOR Arms 117/4; DEATHKNIGHT Blood 103/3; HUNTER Survival 98/2; DEMONHUNTER Devourer 80/2; PALADIN Protection 65/2; EVOKER Devastation 63/2; WARLOCK Demonology 46/2; EVOKER Augmentation 44/1; SHAMAN Elemental 44/2; PRIEST Shadow 43/1; DEATHKNIGHT Unholy 42/1; DEMONHUNTER Havoc 40/1; DRUID Restoration 38/1; MONK Windwalker 38/1; WARLOCK Affliction 37/1; PALADIN Holy 35/1; SHAMAN Restoration 33/1; DRUID Feral 32/1; PRIEST Holy 26/1; ROGUE Outlaw 9/1,2362,50,"Applied by 13 classes (DEATHKNIGHT, DEMONHUNTER, DRUID, EVOKER, HUNTER, MAGE, MONK, PALADIN, PRIEST, ROGUE, SHAMAN, WARLOCK, WARRIOR) with 2362 applications / 50 players; not in any of their player-castable spell pools, so an item or consumable effect → Consumables (rule R8).",high,addition|consumables|ALL|faith in ula'tek|1296714,Rejected,I want to delete the consumables category altogether
R0463,1287770,Rune of the Versatile Warrior,addition,ALL,,consumables,DRUID Guardian 340/8; DEATHKNIGHT Blood 334/7; MONK Brewmaster 262/4; MAGE Arcane 196/4; DEMONHUNTER Devourer 118/1; SHAMAN Restoration 113/2; WARRIOR Protection 111/2; PALADIN Protection 97/2; WARRIOR Arms 88/2; PRIEST Holy 82/1; PALADIN Holy 81/1; ROGUE Outlaw 69/1; HUNTER Beast Mastery 62/1; PRIEST Shadow 60/1; MONK Mistweaver 53/1; PALADIN Retribution 52/1; DEATHKNIGHT Frost 51/1; DRUID Feral 49/1; DEMONHUNTER Vengeance 40/1; MAGE Frost 21/1; MONK Windwalker 7/1,2286,44,"Applied by 11 classes (DEATHKNIGHT, DEMONHUNTER, DRUID, HUNTER, MAGE, MONK, PALADIN, PRIEST, ROGUE, SHAMAN, WARRIOR) with 2286 applications / 44 players; not in any of their player-castable spell pools, so an item or consumable effect → Consumables (rule R8).",high,addition|consumables|ALL|rune of the versatile warrior|1287770,Rejected,I want to delete the consumables category altogether
R0464,1258223,Nalorakk's Rage,addition,ALL,,consumables,DEATHKNIGHT Blood 1523/7; WARRIOR Arms 206/6; PALADIN Retribution 178/5; DEATHKNIGHT Unholy 146/3; PALADIN Protection 64/3,2117,24,"Applied by 3 classes (DEATHKNIGHT, PALADIN, WARRIOR) with 2117 applications / 24 players; not in any of their player-castable spell pools, so an item or consumable effect → Consumables (rule R8).",high,addition|consumables|ALL|nalorakk's rage|1258223,Rejected,I want to delete the consumables category altogether
R0465,1317581,Venomcursed Ascendance,addition,ALL,,consumables,SHAMAN Restoration 484/3; MAGE Arcane 222/4; DEMONHUNTER Devourer 117/2; PALADIN Holy 116/3; SHAMAN Elemental 108/4; PRIEST Holy 105/3; ROGUE Outlaw 103/3; DEATHKNIGHT Blood 88/3; HUNTER Beast Mastery 78/4; PALADIN Retribution 72/3; DEATHKNIGHT Unholy 71/2; DEATHKNIGHT Frost 69/2; DRUID Balance 69/2; EVOKER Devastation 62/2; PRIEST Shadow 58/2; DEMONHUNTER Vengeance 38/1; DRUID Restoration 38/1; EVOKER Preservation 36/1; DRUID Guardian 31/1; WARRIOR Arms 31/1; WARRIOR Protection 29/1; ROGUE Assassination 26/1; WARLOCK Demonology 26/1; PALADIN Protection 21/1,2098,51,"Applied by 12 classes (DEATHKNIGHT, DEMONHUNTER, DRUID, EVOKER, HUNTER, MAGE, PALADIN, PRIEST, ROGUE, SHAMAN, WARLOCK, WARRIOR) with 2098 applications / 51 players; not in any of their player-castable spell pools, so an item or consumable effect → Consumables (rule R8).",high,addition|consumables|ALL|venomcursed ascendance|1317581,Rejected,I want to delete the consumables category altogether
R0466,1297655,Jan'alai's Rite,addition,ALL,,consumables,MAGE Arcane 468/20; WARRIOR Arms 256/14; DRUID Balance 215/6; HUNTER Beast Mastery 200/19; MONK Windwalker 160/7; ROGUE Assassination 113/10; PALADIN Holy 68/4; PALADIN Retribution 60/17; DEMONHUNTER Devourer 45/4; SHAMAN Elemental 44/7; WARLOCK Demonology 40/6; PALADIN Protection 34/1; DEMONHUNTER Havoc 32/6; PRIEST Shadow 31/4; ROGUE Outlaw 28/2; ROGUE Subtlety 21/1; EVOKER Devastation 15/1; SHAMAN Enhancement 13/4; DEMONHUNTER Vengeance 11/2; WARLOCK Affliction 10/1; HUNTER Marksmanship 7/2; EVOKER Preservation 6/1; WARLOCK Destruction 6/1; MAGE Frost 5/1; PRIEST Holy 5/2; DRUID Feral 4/1,1897,143,"Applied by 12 classes (DEMONHUNTER, DRUID, EVOKER, HUNTER, MAGE, MONK, PALADIN, PRIEST, ROGUE, SHAMAN, WARLOCK, WARRIOR) with 1897 applications / 143 players; not in any of their player-castable spell pools, so an item or consumable effect → Consumables (rule R8).",high,addition|consumables|ALL|jan'alai's rite|1297655,Rejected,I want to delete the consumables category altogether
R0467,1263768,Light's Blessing,addition,ALL,,consumables,MAGE Arcane 266/8; DEMONHUNTER Havoc 260/3; HUNTER Beast Mastery 239/7; DRUID Restoration 146/7; PALADIN Holy 104/6; PRIEST Holy 82/5; MONK Mistweaver 77/2; PRIEST Shadow 64/3; DRUID Guardian 62/2; EVOKER Devastation 56/2; WARLOCK Demonology 47/3; SHAMAN Elemental 46/1; MAGE Fire 42/1; WARLOCK Destruction 42/1; WARLOCK Affliction 41/1; DRUID Feral 39/1; MAGE Frost 39/1; DEMONHUNTER Devourer 36/1; SHAMAN Enhancement 34/1; DRUID Balance 33/1; ROGUE Outlaw 24/1; EVOKER Preservation 17/1; MONK Windwalker 8/1,1804,60,"Applied by 11 classes (DEMONHUNTER, DRUID, EVOKER, HUNTER, MAGE, MONK, PALADIN, PRIEST, ROGUE, SHAMAN, WARLOCK) with 1804 applications / 60 players; not in any of their player-castable spell pools, so an item or consumable effect → Consumables (rule R8).",high,addition|consumables|ALL|light's blessing|1263768,Rejected,I want to delete the consumables category altogether
R0468,1258534,Void Suffusion,addition,ALL,,consumables,SHAMAN Restoration 1517/1; SHAMAN Elemental 60/1; PRIEST Discipline 32/1; DRUID Restoration 31/1; PALADIN Holy 28/1,1668,4,"Applied by 4 classes (DRUID, PALADIN, PRIEST, SHAMAN) with 1668 applications / 4 players; not in any of their player-castable spell pools, so an item or consumable effect → Consumables (rule R8).",high,addition|consumables|ALL|void suffusion|1258534,Rejected,I want to delete the consumables category altogether
R0469,1250533,Freightrunner's Flask,addition,ALL,,consumables,MAGE Arcane 373/27; DEMONHUNTER Devourer 167/12; HUNTER Beast Mastery 133/10; DRUID Balance 107/3; MONK Windwalker 106/6; PALADIN Holy 99/7; WARLOCK Destruction 86/2; WARLOCK Demonology 82/8; PRIEST Shadow 58/5; SHAMAN Elemental 58/6; SHAMAN Restoration 42/5; PRIEST Holy 31/5; HUNTER Survival 29/2; ROGUE Subtlety 27/2; PRIEST Discipline 23/2; ROGUE Assassination 22/2; PALADIN Retribution 18/1; WARLOCK Affliction 17/1; DRUID Guardian 15/1; MAGE Fire 13/1; SHAMAN Enhancement 11/1; DEMONHUNTER Vengeance 9/1; ROGUE Outlaw 9/1; DRUID Restoration 7/2; EVOKER Preservation 3/1; MONK Mistweaver 1/1,1546,115,"Applied by 11 classes (DEMONHUNTER, DRUID, EVOKER, HUNTER, MAGE, MONK, PALADIN, PRIEST, ROGUE, SHAMAN, WARLOCK) with 1546 applications / 115 players; not in any of their player-castable spell pools, so an item or consumable effect → Consumables (rule R8).",high,addition|consumables|ALL|freightrunner's flask|1250533,Rejected,I want to delete the consumables category altogether
R0470,1236616,Light's Potential,addition,ALL,,consumables,MAGE Arcane 188/44; PALADIN Retribution 143/49; HUNTER Beast Mastery 142/40; WARLOCK Demonology 140/38; SHAMAN Elemental 119/33; WARRIOR Arms 79/25; MAGE Frost 69/22; PRIEST Shadow 62/19; ROGUE Assassination 38/11; DEATHKNIGHT Unholy 37/13; PALADIN Protection 37/13; ROGUE Subtlety 37/12; DRUID Balance 36/14; DRUID Guardian 34/9; HUNTER Survival 34/7; DEATHKNIGHT Frost 32/12; DRUID Feral 29/9; DEMONHUNTER Havoc 26/11; DEMONHUNTER Devourer 23/6; MONK Brewmaster 22/9; HUNTER Marksmanship 19/6; DEATHKNIGHT Blood 18/9; ROGUE Outlaw 16/5; EVOKER Devastation 14/4; WARLOCK Affliction 13/5; MONK Windwalker 12/5; EVOKER Augmentation 11/3; PRIEST Holy 11/4; SHAMAN Restoration 11/4; WARLOCK Destruction 11/3; WARRIOR Protection 11/4; DEMONHUNTER Vengeance 9/4; WARRIOR Fury 9/5; MAGE Fire 8/2; SHAMAN Enhancement 8/5; PALADIN Holy 6/2; PRIEST Discipline 6/2; MONK Mistweaver 5/3,1525,468,"Applied by 13 classes (DEATHKNIGHT, DEMONHUNTER, DRUID, EVOKER, HUNTER, MAGE, MONK, PALADIN, PRIEST, ROGUE, SHAMAN, WARLOCK, WARRIOR) with 1525 applications / 468 players; not in any of their player-castable spell pools, so an item or consumable effect → Consumables (rule R8).",high,addition|consumables|ALL|light's potential|1236616,Rejected,I want to delete the consumables category altogether
R0471,1252524,Blessing of the Capybara,addition,ALL,,consumables,PALADIN Retribution 480/27; MONK Brewmaster 242/15; MONK Windwalker 231/15; DEATHKNIGHT Frost 104/5; PALADIN Protection 86/4; DEATHKNIGHT Blood 65/4; DEMONHUNTER Vengeance 64/3; SHAMAN Elemental 52/3; DEMONHUNTER Devourer 37/3; MAGE Frost 35/2; SHAMAN Enhancement 24/1; WARLOCK Affliction 24/2; HUNTER Beast Mastery 22/2; EVOKER Devastation 14/1; DRUID Balance 11/1; DRUID Guardian 11/1; PALADIN Holy 6/1; DEATHKNIGHT Unholy 3/1,1511,91,"Applied by 10 classes (DEATHKNIGHT, DEMONHUNTER, DRUID, EVOKER, HUNTER, MAGE, MONK, PALADIN, SHAMAN, WARLOCK) with 1511 applications / 91 players; not in any of their player-castable spell pools, so an item or consumable effect → Consumables (rule R8).",high,addition|consumables|ALL|blessing of the capybara|1252524,Rejected,I want to delete the consumables category altogether
R0472,1264404,Cosmic Siphon,addition,ALL,,consumables,DRUID Balance 640/3; MAGE Arcane 339/9; WARLOCK Demonology 161/7; WARLOCK Destruction 84/2; EVOKER Devastation 61/2; SHAMAN Elemental 47/1; PRIEST Discipline 38/1; MAGE Frost 36/1; WARLOCK Affliction 36/1; PRIEST Holy 19/1; SHAMAN Restoration 6/1,1467,29,"Applied by 6 classes (DRUID, EVOKER, MAGE, PRIEST, SHAMAN, WARLOCK) with 1467 applications / 29 players; not in any of their player-castable spell pools, so an item or consumable effect → Consumables (rule R8).",high,addition|consumables|ALL|cosmic siphon|1264404,Rejected,I want to delete the consumables category altogether
R0473,1250508,Emberwing Heatwave,addition,ALL,,consumables,WARLOCK Demonology 367/38; DEMONHUNTER Devourer 170/20; SHAMAN Elemental 142/20; MAGE Frost 133/16; MAGE Arcane 84/11; DRUID Balance 81/8; PRIEST Shadow 62/6; WARLOCK Affliction 60/8; DRUID Feral 48/5; HUNTER Beast Mastery 43/6; PRIEST Discipline 29/4; DEMONHUNTER Vengeance 27/4; EVOKER Devastation 26/3; SHAMAN Restoration 26/4; PALADIN Holy 25/4; MONK Mistweaver 24/4; DRUID Guardian 22/3; SHAMAN Enhancement 21/3; EVOKER Augmentation 19/2; HUNTER Marksmanship 12/1; MAGE Fire 11/2; PRIEST Holy 8/1; WARLOCK Destruction 8/1; MONK Windwalker 7/1; ROGUE Assassination 3/1; DRUID Restoration 2/1,1460,177,"Applied by 11 classes (DEMONHUNTER, DRUID, EVOKER, HUNTER, MAGE, MONK, PALADIN, PRIEST, ROGUE, SHAMAN, WARLOCK) with 1460 applications / 177 players; not in any of their player-castable spell pools, so an item or consumable effect → Consumables (rule R8).",high,addition|consumables|ALL|emberwing heatwave|1250508,Rejected,I want to delete the consumables category altogether
R0474,1307927,Venomcursed Haste,addition,ALL,,consumables,DRUID Balance 830/3; ROGUE Outlaw 106/4; PALADIN Protection 77/2; DRUID Restoration 71/2; DEATHKNIGHT Frost 64/2; DRUID Guardian 61/2; MONK Windwalker 58/2; DEMONHUNTER Devourer 42/2; ROGUE Subtlety 40/1; DEMONHUNTER Havoc 34/1; ROGUE Assassination 24/1,1407,22,"Applied by 6 classes (DEATHKNIGHT, DEMONHUNTER, DRUID, MONK, PALADIN, ROGUE) with 1407 applications / 22 players; not in any of their player-castable spell pools, so an item or consumable effect → Consumables (rule R8).",high,addition|consumables|ALL|venomcursed haste|1307927,Rejected,I want to delete the consumables category altogether
R0475,383781,Algeth'ar Puzzle,addition,ALL,,consumables,PALADIN Retribution 331/48; HUNTER Beast Mastery 241/32; DEMONHUNTER Havoc 163/23; DEATHKNIGHT Unholy 88/14; MONK Windwalker 76/12; HUNTER Marksmanship 73/10; DRUID Feral 58/9; HUNTER Survival 50/7; SHAMAN Enhancement 45/6; WARRIOR Arms 37/6; ROGUE Subtlety 35/5; PALADIN Protection 23/5; DRUID Guardian 21/4; WARRIOR Fury 20/3; ROGUE Assassination 15/2; DEATHKNIGHT Frost 10/1; DEATHKNIGHT Blood 6/4; DEMONHUNTER Devourer 5/1; MONK Brewmaster 1/1; WARRIOR Protection 1/1,1299,193,"Applied by 9 classes (DEATHKNIGHT, DEMONHUNTER, DRUID, HUNTER, MONK, PALADIN, ROGUE, SHAMAN, WARRIOR) with 1299 applications / 193 players; not in any of their player-castable spell pools, so an item or consumable effect → Consumables (rule R8).",high,addition|consumables|ALL|algeth'ar puzzle|383781,Rejected,I want to delete the consumables category altogether
R0476,1293316,Empowering Venom,addition,ALL,,consumables,SHAMAN Elemental 161/15; WARLOCK Demonology 153/16; MAGE Arcane 120/10; WARRIOR Arms 116/13; PALADIN Retribution 92/8; DRUID Balance 78/9; HUNTER Beast Mastery 51/6; MONK Windwalker 48/5; PRIEST Shadow 39/4; DRUID Guardian 38/5; DEMONHUNTER Devourer 36/4; EVOKER Devastation 32/3; DEATHKNIGHT Blood 26/4; PALADIN Holy 23/3; WARRIOR Protection 23/2; PALADIN Protection 21/3; ROGUE Assassination 21/2; PRIEST Holy 18/2; SHAMAN Enhancement 16/2; HUNTER Survival 15/1; DEMONHUNTER Havoc 13/1; MONK Brewmaster 11/1; WARLOCK Destruction 11/1; WARRIOR Fury 11/1; WARLOCK Affliction 10/1; DRUID Feral 9/1; DEATHKNIGHT Frost 5/1; SHAMAN Restoration 2/1; MONK Mistweaver 1/1,1200,125,"Applied by 13 classes (DEATHKNIGHT, DEMONHUNTER, DRUID, EVOKER, HUNTER, MAGE, MONK, PALADIN, PRIEST, ROGUE, SHAMAN, WARLOCK, WARRIOR) with 1200 applications / 125 players; not in any of their player-castable spell pools, so an item or consumable effect → Consumables (rule R8).",high,addition|consumables|ALL|empowering venom|1293316,Rejected,I want to delete the consumables category altogether
R0477,1259317,Riftwalker's Temptation,addition,ALL,,consumables,WARLOCK Demonology 204/6; MAGE Frost 147/6; DEMONHUNTER Devourer 134/4; EVOKER Preservation 117/3; PALADIN Holy 116/3; SHAMAN Restoration 81/2; SHAMAN Elemental 73/2; DRUID Restoration 56/1; DRUID Balance 53/2; PRIEST Holy 44/1; MAGE Arcane 43/1; MONK Mistweaver 41/1; PRIEST Shadow 25/1,1134,33,"Applied by 9 classes (DEMONHUNTER, DRUID, EVOKER, MAGE, MONK, PALADIN, PRIEST, SHAMAN, WARLOCK) with 1134 applications / 33 players; not in any of their player-castable spell pools, so an item or consumable effect → Consumables (rule R8).",high,addition|consumables|ALL|riftwalker's temptation|1259317,Rejected,I want to delete the consumables category altogether
R0478,1262753,Heart of Ancient Hunger,addition,ALL,,consumables,WARRIOR Arms 203/9; WARRIOR Fury 168/6; DEATHKNIGHT Blood 164/6; PALADIN Protection 160/6; PALADIN Retribution 158/6; DEATHKNIGHT Unholy 152/6; WARRIOR Protection 127/6,1132,43,"Applied by 3 classes (DEATHKNIGHT, PALADIN, WARRIOR) with 1132 applications / 43 players; not in any of their player-castable spell pools, so an item or consumable effect → Consumables (rule R8).",high,addition|consumables|ALL|heart of ancient hunger|1262753,Rejected,I want to delete the consumables category altogether
R0479,1307910,Venomcursed Critical Strike,addition,ALL,,consumables,PALADIN Protection 883/2; DEATHKNIGHT Blood 74/2; HUNTER Beast Mastery 68/3; WARRIOR Arms 31/1; DEATHKNIGHT Unholy 29/1,1085,9,"Applied by 4 classes (DEATHKNIGHT, HUNTER, PALADIN, WARRIOR) with 1085 applications / 9 players; not in any of their player-castable spell pools, so an item or consumable effect → Consumables (rule R8).",high,addition|consumables|ALL|venomcursed critical strike|1307910,Rejected,I want to delete the consumables category altogether
R0480,1266403,Sacred Duty,addition,ALL,,consumables,DRUID Balance 310/1; MAGE Frost 144/10; WARLOCK Demonology 97/7; HUNTER Beast Mastery 91/7; SHAMAN Elemental 71/3; WARLOCK Affliction 49/3; MAGE Arcane 41/2; EVOKER Devastation 40/3; WARLOCK Destruction 38/2; DEMONHUNTER Devourer 37/3; ROGUE Outlaw 27/1; DRUID Feral 19/1; PRIEST Shadow 18/1; HUNTER Survival 16/2; HUNTER Marksmanship 15/2; PALADIN Holy 15/2; SHAMAN Enhancement 12/1; ROGUE Subtlety 11/1; DRUID Guardian 10/1; PALADIN Retribution 9/1; MONK Windwalker 8/1; SHAMAN Restoration 6/1,1084,55,"Applied by 11 classes (DEMONHUNTER, DRUID, EVOKER, HUNTER, MAGE, MONK, PALADIN, PRIEST, ROGUE, SHAMAN, WARLOCK) with 1084 applications / 55 players; not in any of their player-castable spell pools, so an item or consumable effect → Consumables (rule R8).",high,addition|consumables|ALL|sacred duty|1266403,Rejected,I want to delete the consumables category altogether
R0481,1255226,Withered Saptor's Paw,addition,ALL,,consumables,PALADIN Retribution 231/8; WARRIOR Arms 210/4; WARRIOR Fury 98/4; WARRIOR Protection 95/3; HUNTER Beast Mastery 60/5; MONK Windwalker 59/3; HUNTER Survival 52/2; SHAMAN Enhancement 52/3; ROGUE Subtlety 48/2; ROGUE Outlaw 40/1; DEMONHUNTER Havoc 32/2; DRUID Guardian 25/1; DEATHKNIGHT Unholy 23/1; DRUID Feral 22/1; DEMONHUNTER Devourer 15/1; PALADIN Protection 10/1; HUNTER Marksmanship 9/1,1081,43,"Applied by 9 classes (DEATHKNIGHT, DEMONHUNTER, DRUID, HUNTER, MONK, PALADIN, ROGUE, SHAMAN, WARRIOR) with 1081 applications / 43 players; not in any of their player-castable spell pools, so an item or consumable effect → Consumables (rule R8).",high,addition|consumables|ALL|withered saptor's paw|1255226,Rejected,I want to delete the consumables category altogether
R0482,1272482,Cosmic Bell,addition,ALL,,consumables,MONK Mistweaver 1033/1; PRIEST Discipline 23/1; EVOKER Preservation 10/1; SHAMAN Elemental 6/1; PRIEST Holy 5/1,1077,5,"Applied by 4 classes (EVOKER, MONK, PRIEST, SHAMAN) with 1077 applications / 5 players; not in any of their player-castable spell pools, so an item or consumable effect → Consumables (rule R8).",high,addition|consumables|ALL|cosmic bell|1272482,Rejected,I want to delete the consumables category altogether
R0483,1241530,Adroit Intuition,addition,ALL,,consumables,PRIEST Discipline 493/12; PRIEST Shadow 254/8; PRIEST Holy 202/5; MAGE Frost 52/1; MAGE Arcane 43/1; WARLOCK Affliction 7/1,1051,28,"Applied by 3 classes (MAGE, PRIEST, WARLOCK) with 1051 applications / 28 players; not in any of their player-castable spell pools, so an item or consumable effect → Consumables (rule R8).",high,addition|consumables|ALL|adroit intuition|1241530,Rejected,I want to delete the consumables category altogether
R0484,1238467,Thorn Bloom,addition,ALL,,consumables,SHAMAN Restoration 535/6; DRUID Guardian 126/6; SHAMAN Elemental 75/3; HUNTER Beast Mastery 63/4; DRUID Balance 59/3; DRUID Feral 55/3; WARRIOR Fury 33/2; ROGUE Subtlety 24/2; WARRIOR Arms 15/2; DRUID Restoration 12/2; WARRIOR Protection 10/1; MONK Brewmaster 8/1; WARLOCK Demonology 8/1; MAGE Arcane 3/1,1026,35,"Applied by 8 classes (DRUID, HUNTER, MAGE, MONK, ROGUE, SHAMAN, WARLOCK, WARRIOR) with 1026 applications / 35 players; not in any of their player-castable spell pools, so an item or consumable effect → Consumables (rule R8).",high,addition|consumables|ALL|thorn bloom|1238467,Rejected,I want to delete the consumables category altogether
R0485,1308013,50-Lb Midnight Salmon,addition,ALL,,consumables,MAGE Arcane 154/14; WARLOCK Demonology 114/10; SHAMAN Elemental 98/9; HUNTER Beast Mastery 80/6; PALADIN Retribution 65/5; PRIEST Holy 54/4; PALADIN Holy 51/4; EVOKER Devastation 49/4; DRUID Restoration 39/3; DRUID Balance 37/3; WARRIOR Arms 35/3; PRIEST Shadow 34/3; DEATHKNIGHT Unholy 25/2; DRUID Guardian 24/2; ROGUE Outlaw 24/2; MONK Windwalker 21/1; ROGUE Assassination 20/2; EVOKER Augmentation 13/1; SHAMAN Restoration 13/1; DEATHKNIGHT Blood 12/1; DEATHKNIGHT Frost 12/1; HUNTER Marksmanship 11/1; WARLOCK Affliction 11/1; SHAMAN Enhancement 10/1; DEMONHUNTER Devourer 8/1,1014,85,"Applied by 13 classes (DEATHKNIGHT, DEMONHUNTER, DRUID, EVOKER, HUNTER, MAGE, MONK, PALADIN, PRIEST, ROGUE, SHAMAN, WARLOCK, WARRIOR) with 1014 applications / 85 players; not in any of their player-castable spell pools, so an item or consumable effect → Consumables (rule R8).",high,addition|consumables|ALL|50-lb midnight salmon|1308013,Rejected,I want to delete the consumables category altogether
R0486,1308012,Slick and Slimy Gralstone,addition,ALL,,consumables,MAGE Arcane 150/14; WARLOCK Demonology 117/10; SHAMAN Elemental 100/9; HUNTER Beast Mastery 76/6; PALADIN Retribution 63/5; PRIEST Holy 52/4; PALADIN Holy 50/4; EVOKER Devastation 47/4; DRUID Restoration 39/3; DRUID Balance 38/3; PRIEST Shadow 36/3; WARRIOR Arms 36/3; DEATHKNIGHT Unholy 27/2; ROGUE Outlaw 25/2; DRUID Guardian 24/2; MONK Windwalker 22/1; ROGUE Assassination 19/2; SHAMAN Restoration 13/1; DEATHKNIGHT Frost 12/1; EVOKER Augmentation 12/1; DEATHKNIGHT Blood 11/1; HUNTER Marksmanship 11/1; WARLOCK Affliction 11/1; SHAMAN Enhancement 10/1; DEMONHUNTER Devourer 9/1,1010,85,"Applied by 13 classes (DEATHKNIGHT, DEMONHUNTER, DRUID, EVOKER, HUNTER, MAGE, MONK, PALADIN, PRIEST, ROGUE, SHAMAN, WARLOCK, WARRIOR) with 1010 applications / 85 players; not in any of their player-castable spell pools, so an item or consumable effect → Consumables (rule R8).",high,addition|consumables|ALL|slick and slimy gralstone|1308012,Rejected,I want to delete the consumables category altogether
R0487,1306870,Tattered Tortollan Scroll,addition,ALL,,consumables,MAGE Arcane 153/14; WARLOCK Demonology 112/10; SHAMAN Elemental 101/9; HUNTER Beast Mastery 80/6; PALADIN Retribution 60/5; PRIEST Holy 53/4; PALADIN Holy 52/4; EVOKER Devastation 50/4; DRUID Restoration 38/3; WARRIOR Arms 36/3; DRUID Balance 35/3; PRIEST Shadow 32/3; DEATHKNIGHT Unholy 26/2; DRUID Guardian 25/2; ROGUE Outlaw 23/2; MONK Windwalker 22/1; ROGUE Assassination 20/2; DEATHKNIGHT Frost 13/1; DEATHKNIGHT Blood 12/1; EVOKER Augmentation 12/1; SHAMAN Restoration 12/1; SHAMAN Enhancement 11/1; WARLOCK Affliction 11/1; HUNTER Marksmanship 10/1; DEMONHUNTER Devourer 8/1,1007,85,"Applied by 13 classes (DEATHKNIGHT, DEMONHUNTER, DRUID, EVOKER, HUNTER, MAGE, MONK, PALADIN, PRIEST, ROGUE, SHAMAN, WARLOCK, WARRIOR) with 1007 applications / 85 players; not in any of their player-castable spell pools, so an item or consumable effect → Consumables (rule R8).",high,addition|consumables|ALL|tattered tortollan scroll|1306870,Rejected,I want to delete the consumables category altogether
R0488,1292299,Seriously Sharp Seashell,addition,ALL,,consumables,MAGE Arcane 149/14; WARLOCK Demonology 116/10; SHAMAN Elemental 99/9; HUNTER Beast Mastery 79/6; PALADIN Retribution 64/5; PALADIN Holy 52/4; PRIEST Holy 49/4; EVOKER Devastation 48/4; DRUID Restoration 40/3; WARRIOR Arms 35/3; DRUID Balance 34/3; PRIEST Shadow 34/3; DEATHKNIGHT Unholy 26/2; ROGUE Outlaw 25/2; DRUID Guardian 23/2; MONK Windwalker 21/1; ROGUE Assassination 20/2; DEATHKNIGHT Blood 13/1; EVOKER Augmentation 13/1; SHAMAN Restoration 13/1; DEATHKNIGHT Frost 11/1; WARLOCK Affliction 11/1; HUNTER Marksmanship 10/1; SHAMAN Enhancement 10/1; DEMONHUNTER Devourer 9/1,1004,85,"Applied by 13 classes (DEATHKNIGHT, DEMONHUNTER, DRUID, EVOKER, HUNTER, MAGE, MONK, PALADIN, PRIEST, ROGUE, SHAMAN, WARLOCK, WARRIOR) with 1004 applications / 85 players; not in any of their player-castable spell pools, so an item or consumable effect → Consumables (rule R8).",high,addition|consumables|ALL|seriously sharp seashell|1292299,Rejected,I want to delete the consumables category altogether
R0489,1308014,Rotting Voidfin,addition,ALL,,consumables,MAGE Arcane 145/14; WARLOCK Demonology 114/10; SHAMAN Elemental 100/9; HUNTER Beast Mastery 76/6; PALADIN Retribution 60/5; PALADIN Holy 52/4; PRIEST Holy 51/4; EVOKER Devastation 47/4; DRUID Restoration 39/3; WARRIOR Arms 38/3; DRUID Balance 34/3; PRIEST Shadow 33/3; DEATHKNIGHT Unholy 26/2; ROGUE Outlaw 25/2; DRUID Guardian 24/2; MONK Windwalker 22/1; ROGUE Assassination 17/2; EVOKER Augmentation 13/1; DEATHKNIGHT Blood 12/1; DEATHKNIGHT Frost 12/1; SHAMAN Restoration 12/1; SHAMAN Enhancement 11/1; WARLOCK Affliction 11/1; DEMONHUNTER Devourer 9/1; HUNTER Marksmanship 9/1,992,85,"Applied by 13 classes (DEATHKNIGHT, DEMONHUNTER, DRUID, EVOKER, HUNTER, MAGE, MONK, PALADIN, PRIEST, ROGUE, SHAMAN, WARLOCK, WARRIOR) with 992 applications / 85 players; not in any of their player-castable spell pools, so an item or consumable effect → Consumables (rule R8).",high,addition|consumables|ALL|rotting voidfin|1308014,Rejected,I want to delete the consumables category altogether
R0490,1292300,Brittle Torga Totem,addition,ALL,,consumables,MAGE Arcane 141/14; WARLOCK Demonology 107/10; SHAMAN Elemental 100/9; HUNTER Beast Mastery 77/6; PALADIN Retribution 62/5; PALADIN Holy 52/4; PRIEST Holy 52/4; EVOKER Devastation 48/4; DRUID Restoration 38/3; DRUID Balance 37/3; PRIEST Shadow 33/3; WARRIOR Arms 32/3; DEATHKNIGHT Unholy 25/2; DRUID Guardian 25/2; ROGUE Outlaw 24/2; MONK Windwalker 23/1; ROGUE Assassination 19/2; EVOKER Augmentation 13/1; SHAMAN Restoration 13/1; DEATHKNIGHT Frost 11/1; HUNTER Marksmanship 11/1; SHAMAN Enhancement 11/1; DEATHKNIGHT Blood 10/1; WARLOCK Affliction 9/1; DEMONHUNTER Devourer 7/1,980,85,"Applied by 13 classes (DEATHKNIGHT, DEMONHUNTER, DRUID, EVOKER, HUNTER, MAGE, MONK, PALADIN, PRIEST, ROGUE, SHAMAN, WARLOCK, WARRIOR) with 980 applications / 85 players; not in any of their player-castable spell pools, so an item or consumable effect → Consumables (rule R8).",high,addition|consumables|ALL|brittle torga totem|1292300,Rejected,I want to delete the consumables category altogether
R0491,1287665,Rune of Lingering,addition,ALL,,consumables,ROGUE Subtlety 259/5; ROGUE Outlaw 245/10; ROGUE Assassination 229/17; MAGE Arcane 131/45; MAGE Frost 55/11; MAGE Fire 5/2,924,90,"Applied by 2 classes (MAGE, ROGUE) with 924 applications / 90 players; not in any of their player-castable spell pools, so an item or consumable effect → Consumables (rule R8).",high,addition|consumables|ALL|rune of lingering|1287665,Rejected,I want to delete the consumables category altogether
R0492,1276677,Fiber of Living Agony,addition,ALL,,consumables,WARRIOR Arms 289/8; DEATHKNIGHT Blood 126/4; PALADIN Retribution 101/4; DEMONHUNTER Havoc 70/3; MONK Windwalker 61/2; HUNTER Survival 39/1; DRUID Feral 36/1; ROGUE Assassination 36/1; ROGUE Subtlety 32/1; DEATHKNIGHT Unholy 29/1; SHAMAN Elemental 29/1; WARRIOR Fury 28/1; DEATHKNIGHT Frost 23/1; DRUID Restoration 4/1,903,30,"Applied by 9 classes (DEATHKNIGHT, DEMONHUNTER, DRUID, HUNTER, MONK, PALADIN, ROGUE, SHAMAN, WARRIOR) with 903 applications / 30 players; not in any of their player-castable spell pools, so an item or consumable effect → Consumables (rule R8).",high,addition|consumables|ALL|fiber of living agony|1276677,Rejected,I want to delete the consumables category altogether
R0493,1265566,A Restless Soul,addition,ALL,,consumables,DEMONHUNTER Devourer 104/8; MAGE Frost 76/11; WARLOCK Demonology 58/9; PALADIN Retribution 49/6; MAGE Arcane 46/5; MONK Mistweaver 44/2; DEATHKNIGHT Unholy 40/5; DEATHKNIGHT Blood 37/6; HUNTER Beast Mastery 37/6; WARLOCK Affliction 34/4; WARRIOR Arms 31/4; PALADIN Holy 30/4; DEATHKNIGHT Frost 25/3; DRUID Balance 25/4; PALADIN Protection 24/3; DRUID Restoration 20/3; SHAMAN Elemental 20/3; ROGUE Assassination 17/3; DEMONHUNTER Havoc 14/1; HUNTER Marksmanship 14/2; MAGE Fire 14/2; PRIEST Holy 14/2; SHAMAN Enhancement 14/2; WARRIOR Protection 14/2; DRUID Guardian 13/1; ROGUE Subtlety 11/2; DEMONHUNTER Vengeance 10/2; EVOKER Augmentation 9/1; MONK Windwalker 8/1; WARLOCK Destruction 5/1; WARRIOR Fury 5/1; DRUID Feral 3/1; PRIEST Discipline 3/1; EVOKER Devastation 2/1,870,110,"Applied by 13 classes (DEATHKNIGHT, DEMONHUNTER, DRUID, EVOKER, HUNTER, MAGE, MONK, PALADIN, PRIEST, ROGUE, SHAMAN, WARLOCK, WARRIOR) with 870 applications / 110 players; not in any of their player-castable spell pools, so an item or consumable effect → Consumables (rule R8).",high,addition|consumables|ALL|a restless soul|1265566,Rejected,I want to delete the consumables category altogether
R0494,1260615,Radiant Plume,addition,ALL,,consumables,DEATHKNIGHT Unholy 140/4; HUNTER Survival 121/3; HUNTER Beast Mastery 69/2; SHAMAN Enhancement 68/2; WARRIOR Fury 67/2; DRUID Guardian 62/2; DEATHKNIGHT Blood 57/3; PALADIN Protection 50/1; MONK Brewmaster 47/1; PALADIN Retribution 42/1; DRUID Feral 38/1; MONK Windwalker 37/1; DEATHKNIGHT Frost 29/2; WARRIOR Arms 26/1; ROGUE Outlaw 17/1,870,27,"Applied by 8 classes (DEATHKNIGHT, DRUID, HUNTER, MONK, PALADIN, ROGUE, SHAMAN, WARRIOR) with 870 applications / 27 players; not in any of their player-castable spell pools, so an item or consumable effect → Consumables (rule R8).",high,addition|consumables|ALL|radiant plume|1260615,Rejected,I want to delete the consumables category altogether
R0495,1260459,Nullsight,addition,ALL,,consumables,MAGE Frost 315/25; DEMONHUNTER Devourer 149/14; DRUID Balance 106/10; PRIEST Shadow 99/9; WARLOCK Demonology 45/4; MAGE Arcane 30/3; SHAMAN Elemental 27/5; EVOKER Devastation 22/3; PRIEST Discipline 19/3; MONK Mistweaver 12/1; PRIEST Holy 12/1; WARLOCK Destruction 9/1; WARLOCK Affliction 6/1; DRUID Restoration 4/1; EVOKER Augmentation 4/1; MAGE Fire 1/1,860,81,"Applied by 8 classes (DEMONHUNTER, DRUID, EVOKER, MAGE, MONK, PRIEST, SHAMAN, WARLOCK) with 860 applications / 81 players; not in any of their player-castable spell pools, so an item or consumable effect → Consumables (rule R8).",high,addition|consumables|ALL|nullsight|1260459,Rejected,I want to delete the consumables category altogether
R0496,1307922,Venomcursed Mastery,addition,ALL,,consumables,SHAMAN Elemental 284/8; MAGE Arcane 177/6; HUNTER Beast Mastery 106/4; PRIEST Holy 76/2; EVOKER Devastation 69/2; WARLOCK Demonology 55/2; DRUID Feral 35/1; SHAMAN Restoration 31/1; PRIEST Shadow 26/1,859,27,"Applied by 7 classes (DRUID, EVOKER, HUNTER, MAGE, PRIEST, SHAMAN, WARLOCK) with 859 applications / 27 players; not in any of their player-castable spell pools, so an item or consumable effect → Consumables (rule R8).",high,addition|consumables|ALL|venomcursed mastery|1307922,Rejected,I want to delete the consumables category altogether
R0497,1236994,Potion of Recklessness,addition,ALL,,consumables,DEMONHUNTER Devourer 145/37; HUNTER Beast Mastery 126/14; DEATHKNIGHT Unholy 119/24; DRUID Balance 65/6; MAGE Frost 58/9; DEMONHUNTER Havoc 43/12; MONK Windwalker 37/11; WARRIOR Arms 35/11; PALADIN Retribution 34/11; DEATHKNIGHT Blood 21/6; MAGE Arcane 16/4; WARLOCK Demonology 16/5; SHAMAN Enhancement 15/4; EVOKER Devastation 12/4; PRIEST Shadow 12/4; DEATHKNIGHT Frost 11/3; DEMONHUNTER Vengeance 10/2; DRUID Feral 9/3; SHAMAN Elemental 9/4; PALADIN Protection 8/2; WARRIOR Fury 8/2; ROGUE Subtlety 6/2; WARLOCK Affliction 5/1; ROGUE Outlaw 4/1; HUNTER Marksmanship 3/1; PRIEST Holy 3/2; EVOKER Augmentation 2/1; MONK Brewmaster 2/1; PRIEST Discipline 2/1; ROGUE Assassination 2/1,838,188,"Applied by 13 classes (DEATHKNIGHT, DEMONHUNTER, DRUID, EVOKER, HUNTER, MAGE, MONK, PALADIN, PRIEST, ROGUE, SHAMAN, WARLOCK, WARRIOR) with 838 applications / 188 players; not in any of their player-castable spell pools, so an item or consumable effect → Consumables (rule R8).",high,addition|consumables|ALL|potion of recklessness|1236994,Rejected,I want to delete the consumables category altogether
R0498,404464,Flight Style: Skyriding,addition,ALL,,consumables,HUNTER Beast Mastery 74/28; WARLOCK Demonology 73/20; PALADIN Retribution 62/24; DEMONHUNTER Devourer 50/19; DRUID Restoration 50/16; MAGE Frost 38/12; DRUID Balance 30/10; WARRIOR Arms 29/8; MAGE Arcane 28/11; SHAMAN Elemental 28/12; PALADIN Holy 26/11; DRUID Guardian 22/7; DEATHKNIGHT Unholy 21/9; DEMONHUNTER Havoc 21/11; ROGUE Outlaw 20/5; PRIEST Shadow 19/8; WARRIOR Fury 19/7; PRIEST Discipline 16/3; DRUID Feral 15/6; PRIEST Holy 15/8; WARLOCK Affliction 15/5; HUNTER Marksmanship 13/4; DEATHKNIGHT Frost 11/6; EVOKER Augmentation 11/3; SHAMAN Restoration 11/6; DEATHKNIGHT Blood 10/5; HUNTER Survival 10/4; MONK Windwalker 9/4; WARRIOR Protection 9/2; DEMONHUNTER Vengeance 8/2; MONK Mistweaver 7/3; PALADIN Protection 7/5; ROGUE Assassination 7/4; WARLOCK Destruction 6/3; SHAMAN Enhancement 5/4; EVOKER Devastation 4/2; MONK Brewmaster 3/3; ROGUE Subtlety 3/1,805,299,"Applied by 13 classes (DEATHKNIGHT, DEMONHUNTER, DRUID, EVOKER, HUNTER, MAGE, MONK, PALADIN, PRIEST, ROGUE, SHAMAN, WARLOCK, WARRIOR) with 805 applications / 299 players; not in any of their player-castable spell pools, so an item or consumable effect → Consumables (rule R8).",high,addition|consumables|ALL|flight style: skyriding|404464,Rejected,I want to delete the consumables category altogether
R0499,1244617,Void Glass,addition,ALL,,consumables,MONK Mistweaver 255/7; MONK Brewmaster 142/5; PRIEST Discipline 83/2; ROGUE Outlaw 62/2; WARRIOR Protection 52/2; MONK Windwalker 45/2; PALADIN Protection 36/1; DEMONHUNTER Vengeance 35/1; PALADIN Retribution 31/1; ROGUE Subtlety 29/1; PRIEST Holy 22/1,792,25,"Applied by 6 classes (DEMONHUNTER, MONK, PALADIN, PRIEST, ROGUE, WARRIOR) with 792 applications / 25 players; not in any of their player-castable spell pools, so an item or consumable effect → Consumables (rule R8).",high,addition|consumables|ALL|void glass|1244617,Rejected,I want to delete the consumables category altogether
R0500,1296884,Rush of Fangs,addition,ALL,,consumables,WARRIOR Arms 496/13; ROGUE Assassination 92/4; WARRIOR Fury 41/1; DEMONHUNTER Havoc 38/1; MAGE Arcane 34/1; PRIEST Shadow 33/1; DEMONHUNTER Vengeance 24/1; HUNTER Survival 17/1,775,23,"Applied by 6 classes (DEMONHUNTER, HUNTER, MAGE, PRIEST, ROGUE, WARRIOR) with 775 applications / 23 players; not in any of their player-castable spell pools, so an item or consumable effect → Consumables (rule R8).",high,addition|consumables|ALL|rush of fangs|1296884,Rejected,I want to delete the consumables category altogether
R0501,460605,Blood Beast,addition,DEATHKNIGHT,,consumables,Blood 570/42; Unholy 143/6,713,48,"not in the player-castable spell pool, so an item or consumable effect → Consumables (rule R8).",high,addition|consumables|DEATHKNIGHT|blood beast|460605,Rejected,I want to delete the consumables category altogether
R0502,1284698,Sporelord's Mycelium,addition,ALL,,consumables,PRIEST Discipline 153/3; PRIEST Holy 68/2; DEMONHUNTER Vengeance 67/2; SHAMAN Elemental 65/2; DRUID Restoration 57/1; DRUID Guardian 56/2; MONK Brewmaster 41/1; WARRIOR Protection 37/1; SHAMAN Restoration 34/1; PALADIN Holy 33/1; MAGE Arcane 27/1; PALADIN Protection 23/1; HUNTER Beast Mastery 21/1; DEMONHUNTER Devourer 18/1,700,20,"Applied by 9 classes (DEMONHUNTER, DRUID, HUNTER, MAGE, MONK, PALADIN, PRIEST, SHAMAN, WARRIOR) with 700 applications / 20 players; not in any of their player-castable spell pools, so an item or consumable effect → Consumables (rule R8).",high,addition|consumables|ALL|sporelord's mycelium|1284698,Rejected,I want to delete the consumables category altogether
R0503,1239640,Astral Antenna,addition,ALL,,consumables,PALADIN Retribution 97/2; DEATHKNIGHT Unholy 94/3; HUNTER Survival 70/2; WARLOCK Demonology 59/2; SHAMAN Enhancement 48/1; DRUID Guardian 45/1; DEATHKNIGHT Blood 42/1; MAGE Frost 40/1; MONK Windwalker 35/1; EVOKER Preservation 33/1; PALADIN Protection 33/1; WARRIOR Fury 33/1; DEATHKNIGHT Frost 32/1; HUNTER Beast Mastery 30/1,691,19,"Applied by 10 classes (DEATHKNIGHT, DRUID, EVOKER, HUNTER, MAGE, MONK, PALADIN, SHAMAN, WARLOCK, WARRIOR) with 691 applications / 19 players; not in any of their player-castable spell pools, so an item or consumable effect → Consumables (rule R8).",high,addition|consumables|ALL|astral antenna|1239640,Rejected,I want to delete the consumables category altogether
R0504,292463,Embrace of Pa'ku,addition,ALL,,consumables,PALADIN Retribution 171/8; HUNTER Beast Mastery 87/4; DEATHKNIGHT Unholy 69/4; DRUID Feral 62/2; WARRIOR Arms 48/2; DRUID Balance 43/2; DRUID Guardian 34/1; WARRIOR Fury 33/1; DEATHKNIGHT Frost 31/1; SHAMAN Restoration 25/1; PRIEST Holy 23/1; DRUID Restoration 21/1; HUNTER Survival 17/1; PALADIN Holy 14/1; DEATHKNIGHT Blood 8/1; MAGE Frost 1/1,687,32,"Applied by 8 classes (DEATHKNIGHT, DRUID, HUNTER, MAGE, PALADIN, PRIEST, SHAMAN, WARRIOR) with 687 applications / 32 players; not in any of their player-castable spell pools, so an item or consumable effect → Consumables (rule R8).",high,addition|consumables|ALL|embrace of pa'ku|292463,Rejected,I want to delete the consumables category altogether
R0505,1297665,Nalorakk's Rite,addition,ALL,,consumables,HUNTER Beast Mastery 163/19; MAGE Arcane 102/19; PALADIN Holy 75/4; DRUID Balance 52/6; PALADIN Retribution 45/15; WARRIOR Arms 36/13; ROGUE Assassination 31/8; SHAMAN Elemental 25/8; MONK Windwalker 21/7; DEMONHUNTER Havoc 20/6; WARLOCK Demonology 20/6; EVOKER Preservation 10/1; PRIEST Shadow 10/4; WARLOCK Destruction 10/1; DEMONHUNTER Devourer 9/5; HUNTER Marksmanship 8/2; SHAMAN Enhancement 8/4; PRIEST Holy 7/2; WARLOCK Affliction 6/1; ROGUE Outlaw 4/2; EVOKER Devastation 3/1; ROGUE Subtlety 3/1; DEMONHUNTER Vengeance 2/2; DRUID Feral 2/1; MAGE Frost 2/1; PALADIN Protection 2/1,676,140,"Applied by 12 classes (DEMONHUNTER, DRUID, EVOKER, HUNTER, MAGE, MONK, PALADIN, PRIEST, ROGUE, SHAMAN, WARLOCK, WARRIOR) with 676 applications / 140 players; not in any of their player-castable spell pools, so an item or consumable effect → Consumables (rule R8).",high,addition|consumables|ALL|nalorakk's rite|1297665,Rejected,I want to delete the consumables category altogether
R0506,1254331,Echoing Roar,addition,ALL,,consumables,HUNTER Beast Mastery 144/6; WARRIOR Arms 83/5; PALADIN Retribution 76/5; DEATHKNIGHT Unholy 60/4; DEATHKNIGHT Frost 53/3; DEMONHUNTER Havoc 40/3; PALADIN Protection 34/2; DRUID Feral 27/1; DRUID Guardian 27/2; DEATHKNIGHT Blood 19/1; ROGUE Outlaw 18/1; SHAMAN Enhancement 15/1; ROGUE Assassination 14/1,610,35,"Applied by 8 classes (DEATHKNIGHT, DEMONHUNTER, DRUID, HUNTER, PALADIN, ROGUE, SHAMAN, WARRIOR) with 610 applications / 35 players; not in any of their player-castable spell pools, so an item or consumable effect → Consumables (rule R8).",high,addition|consumables|ALL|echoing roar|1254331,Rejected,I want to delete the consumables category altogether
R0507,1254180,Xathuux's Last Roar,addition,ALL,,consumables,HUNTER Beast Mastery 133/6; WARRIOR Arms 85/5; PALADIN Retribution 78/5; DEATHKNIGHT Unholy 59/4; DEATHKNIGHT Frost 56/3; DEMONHUNTER Havoc 37/3; PALADIN Protection 35/2; DRUID Guardian 30/2; DEATHKNIGHT Blood 22/1; DRUID Feral 21/1; ROGUE Outlaw 17/1; SHAMAN Enhancement 16/1; ROGUE Assassination 14/1,603,35,"Applied by 8 classes (DEATHKNIGHT, DEMONHUNTER, DRUID, HUNTER, PALADIN, ROGUE, SHAMAN, WARRIOR) with 603 applications / 35 players; not in any of their player-castable spell pools, so an item or consumable effect → Consumables (rule R8).",high,addition|consumables|ALL|xathuux's last roar|1254180,Rejected,I want to delete the consumables category altogether
R0508,1239641,Astral Antenna,addition,ALL,,consumables,DEATHKNIGHT Unholy 79/3; PALADIN Retribution 77/2; HUNTER Survival 59/2; WARLOCK Demonology 55/2; DEATHKNIGHT Blood 42/1; DRUID Guardian 42/1; SHAMAN Enhancement 42/1; MONK Windwalker 35/1; MAGE Frost 33/1; EVOKER Preservation 32/1; PALADIN Protection 29/1; HUNTER Beast Mastery 28/1; DEATHKNIGHT Frost 24/1; WARRIOR Fury 24/1,601,19,"Applied by 10 classes (DEATHKNIGHT, DRUID, EVOKER, HUNTER, MAGE, MONK, PALADIN, SHAMAN, WARLOCK, WARRIOR) with 601 applications / 19 players; not in any of their player-castable spell pools, so an item or consumable effect → Consumables (rule R8).",high,addition|consumables|ALL|astral antenna|1239641,Rejected,I want to delete the consumables category altogether
R0509,452226,Spiderling,addition,ALL,,consumables,DRUID Restoration 343/1; PALADIN Retribution 51/1; DEMONHUNTER Devourer 48/1; PRIEST Holy 42/1; WARRIOR Fury 39/1; WARLOCK Demonology 37/1,560,6,"Applied by 6 classes (DEMONHUNTER, DRUID, PALADIN, PRIEST, WARLOCK, WARRIOR) with 560 applications / 6 players; not in any of their player-castable spell pools, so an item or consumable effect → Consumables (rule R8).",high,addition|consumables|ALL|spiderling|452226,Rejected,I want to delete the consumables category altogether
R0510,1259228,Gift of Light,addition,ALL,,consumables,DRUID Restoration 335/9; PRIEST Holy 62/5; PALADIN Holy 61/4; MONK Mistweaver 53/1; SHAMAN Restoration 12/1; EVOKER Augmentation 10/1; PRIEST Discipline 8/1; ROGUE Subtlety 7/1; HUNTER Beast Mastery 1/1; MAGE Arcane 1/1,550,25,"Applied by 9 classes (DRUID, EVOKER, HUNTER, MAGE, MONK, PALADIN, PRIEST, ROGUE, SHAMAN) with 550 applications / 25 players; not in any of their player-castable spell pools, so an item or consumable effect → Consumables (rule R8).",high,addition|consumables|ALL|gift of light|1259228,Rejected,I want to delete the consumables category altogether
R0511,458525,Ascension,addition,ALL,,consumables,SHAMAN Restoration 86/1; DEMONHUNTER Devourer 81/2; PALADIN Retribution 76/2; WARLOCK Demonology 68/2; WARRIOR Fury 49/1; WARLOCK Destruction 45/1; SHAMAN Elemental 38/1; DEATHKNIGHT Frost 27/1; MAGE Frost 26/1; DEATHKNIGHT Unholy 24/1,520,12,"Applied by 7 classes (DEATHKNIGHT, DEMONHUNTER, MAGE, PALADIN, SHAMAN, WARLOCK, WARRIOR) with 520 applications / 12 players; not in any of their player-castable spell pools, so an item or consumable effect → Consumables (rule R8).",high,addition|consumables|ALL|ascension|458525,Rejected,I want to delete the consumables category altogether
R0512,458502,Ascension,addition,ALL,,consumables,DEMONHUNTER Devourer 90/2; SHAMAN Restoration 84/1; PALADIN Retribution 76/2; WARLOCK Demonology 59/2; WARRIOR Fury 38/1; WARLOCK Destruction 36/1; DEATHKNIGHT Unholy 35/1; SHAMAN Elemental 33/1; MAGE Frost 28/1; DEATHKNIGHT Frost 26/1,505,12,"Applied by 7 classes (DEATHKNIGHT, DEMONHUNTER, MAGE, PALADIN, SHAMAN, WARLOCK, WARRIOR) with 505 applications / 12 players; not in any of their player-castable spell pools, so an item or consumable effect → Consumables (rule R8).",high,addition|consumables|ALL|ascension|458502,Rejected,I want to delete the consumables category altogether
R0513,1289063,Rune of Echoes,addition,ALL,,consumables,PRIEST Holy 360/1; PRIEST Discipline 48/1; ROGUE Assassination 19/2; DEATHKNIGHT Unholy 18/1; MAGE Frost 15/2; HUNTER Beast Mastery 8/2; PRIEST Shadow 5/1; MAGE Arcane 2/1; DEMONHUNTER Vengeance 1/1,476,12,"Applied by 6 classes (DEATHKNIGHT, DEMONHUNTER, HUNTER, MAGE, PRIEST, ROGUE) with 476 applications / 12 players; not in any of their player-castable spell pools, so an item or consumable effect → Consumables (rule R8).",high,addition|consumables|ALL|rune of echoes|1289063,Rejected,I want to delete the consumables category altogether
R0514,345230,Gladiator's Insignia,addition,ALL,,consumables,PALADIN Holy 200/3; MAGE Frost 33/1; PRIEST Shadow 29/1; DRUID Restoration 28/1; PALADIN Protection 26/1; PRIEST Holy 26/1; HUNTER Marksmanship 24/1; DEMONHUNTER Devourer 23/1; HUNTER Beast Mastery 18/1; DEATHKNIGHT Frost 17/1; PALADIN Retribution 14/2; SHAMAN Elemental 12/1; WARLOCK Affliction 9/1; WARLOCK Destruction 6/1; DRUID Balance 5/1,470,18,"Applied by 9 classes (DEATHKNIGHT, DEMONHUNTER, DRUID, HUNTER, MAGE, PALADIN, PRIEST, SHAMAN, WARLOCK) with 470 applications / 18 players; not in any of their player-castable spell pools, so an item or consumable effect → Consumables (rule R8).",high,addition|consumables|ALL|gladiator's insignia|345230,Rejected,I want to delete the consumables category altogether
R0515,383813,Sleepy Ruby Warmth,addition,ALL,,consumables,SHAMAN Restoration 192/2; DEMONHUNTER Devourer 45/5; DEATHKNIGHT Unholy 24/1; PALADIN Retribution 24/3; WARRIOR Arms 24/2; DEMONHUNTER Vengeance 22/2; WARLOCK Demonology 19/4; MAGE Arcane 17/2; DEATHKNIGHT Blood 15/3; SHAMAN Enhancement 11/1; DRUID Balance 7/1; PALADIN Protection 6/1; PRIEST Discipline 6/1; PRIEST Shadow 6/1; DRUID Feral 4/1; EVOKER Preservation 4/1; PALADIN Holy 4/1; PRIEST Holy 4/1; SHAMAN Elemental 4/1; DRUID Guardian 3/1; DRUID Restoration 3/1; HUNTER Beast Mastery 2/1; MAGE Frost 2/1; WARRIOR Fury 1/1,449,38,"Applied by 11 classes (DEATHKNIGHT, DEMONHUNTER, DRUID, EVOKER, HUNTER, MAGE, PALADIN, PRIEST, SHAMAN, WARLOCK, WARRIOR) with 449 applications / 38 players; not in any of their player-castable spell pools, so an item or consumable effect → Consumables (rule R8).",high,addition|consumables|ALL|sleepy ruby warmth|383813,Rejected,I want to delete the consumables category altogether
R0516,1259633,Charge!,addition,ALL,,consumables,DEATHKNIGHT Unholy 134/11; ROGUE Subtlety 77/9; PALADIN Retribution 63/5; DEATHKNIGHT Blood 33/3; HUNTER Beast Mastery 24/2; WARRIOR Fury 23/3; DRUID Feral 22/2; PALADIN Protection 15/2; DEATHKNIGHT Frost 13/1; DRUID Guardian 11/1; DEMONHUNTER Havoc 10/1; ROGUE Assassination 8/1; ROGUE Outlaw 1/1,434,42,"Applied by 7 classes (DEATHKNIGHT, DEMONHUNTER, DRUID, HUNTER, PALADIN, ROGUE, WARRIOR) with 434 applications / 42 players; not in any of their player-castable spell pools, so an item or consumable effect → Consumables (rule R8).",high,addition|consumables|ALL|charge!|1259633,Rejected,I want to delete the consumables category altogether
R0517,1262496,Light Company Guidon,addition,ALL,,consumables,DEATHKNIGHT Unholy 134/11; ROGUE Subtlety 77/9; PALADIN Retribution 63/5; DEATHKNIGHT Blood 33/3; HUNTER Beast Mastery 24/2; WARRIOR Fury 23/3; DRUID Feral 22/2; PALADIN Protection 15/2; DEATHKNIGHT Frost 13/1; DRUID Guardian 11/1; DEMONHUNTER Havoc 10/1; ROGUE Assassination 8/1; ROGUE Outlaw 1/1,434,42,"Applied by 7 classes (DEATHKNIGHT, DEMONHUNTER, DRUID, HUNTER, PALADIN, ROGUE, WARRIOR) with 434 applications / 42 players; not in any of their player-castable spell pools, so an item or consumable effect → Consumables (rule R8).",high,addition|consumables|ALL|light company guidon|1262496,Rejected,I want to delete the consumables category altogether
R0518,1305360,Soul Fang Alacrity,addition,ALL,,consumables,MAGE Arcane 89/2; EVOKER Devastation 87/2; SHAMAN Elemental 51/1; EVOKER Preservation 45/1; PRIEST Holy 45/1; WARLOCK Affliction 43/1; SHAMAN Restoration 37/1; PRIEST Shadow 35/1,432,10,"Applied by 5 classes (EVOKER, MAGE, PRIEST, SHAMAN, WARLOCK) with 432 applications / 10 players; not in any of their player-castable spell pools, so an item or consumable effect → Consumables (rule R8).",high,addition|consumables|ALL|soul fang alacrity|1305360,Rejected,I want to delete the consumables category altogether
R0519,458524,Ascendance,addition,ALL,,consumables,PALADIN Retribution 78/2; DEMONHUNTER Devourer 66/2; WARLOCK Demonology 61/2; WARLOCK Destruction 51/1; MONK Brewmaster 43/1; WARRIOR Fury 36/1; DEATHKNIGHT Frost 30/1; DEATHKNIGHT Unholy 30/1; MAGE Frost 21/1,416,12,"Applied by 7 classes (DEATHKNIGHT, DEMONHUNTER, MAGE, MONK, PALADIN, WARLOCK, WARRIOR) with 416 applications / 12 players; not in any of their player-castable spell pools, so an item or consumable effect → Consumables (rule R8).",high,addition|consumables|ALL|ascendance|458524,Rejected,I want to delete the consumables category altogether
R0520,1250557,Void Execution Mandate,addition,ALL,,consumables,HUNTER Beast Mastery 301/8; HUNTER Survival 36/1; MONK Windwalker 22/2; DEMONHUNTER Havoc 12/1; SHAMAN Enhancement 10/1; HUNTER Marksmanship 9/1; ROGUE Assassination 8/1; ROGUE Subtlety 5/1,403,15,"Applied by 5 classes (DEMONHUNTER, HUNTER, MONK, ROGUE, SHAMAN) with 403 applications / 15 players; not in any of their player-castable spell pools, so an item or consumable effect → Consumables (rule R8).",high,addition|consumables|ALL|void execution mandate|1250557,Rejected,I want to delete the consumables category altogether
R0521,458503,Ascendance,addition,ALL,,consumables,DEMONHUNTER Devourer 79/2; PALADIN Retribution 64/2; WARLOCK Demonology 64/2; WARRIOR Fury 46/1; WARLOCK Destruction 40/1; MAGE Frost 36/1; DEATHKNIGHT Frost 33/1; DEATHKNIGHT Unholy 29/1,391,11,"Applied by 6 classes (DEATHKNIGHT, DEMONHUNTER, MAGE, PALADIN, WARLOCK, WARRIOR) with 391 applications / 11 players; not in any of their player-castable spell pools, so an item or consumable effect → Consumables (rule R8).",high,addition|consumables|ALL|ascendance|458503,Rejected,I want to delete the consumables category altogether
R0522,1263357,Impending Execution,addition,ALL,,consumables,HUNTER Beast Mastery 289/8; HUNTER Survival 35/1; MONK Windwalker 22/2; DEMONHUNTER Havoc 12/1; SHAMAN Enhancement 10/1; HUNTER Marksmanship 9/1; ROGUE Assassination 8/1; ROGUE Subtlety 5/1,390,15,"Applied by 5 classes (DEMONHUNTER, HUNTER, MONK, ROGUE, SHAMAN) with 390 applications / 15 players; not in any of their player-castable spell pools, so an item or consumable effect → Consumables (rule R8).",high,addition|consumables|ALL|impending execution|1263357,Rejected,I want to delete the consumables category altogether
R0523,457666,Dawnthread Lining,addition,ALL,,consumables,DEATHKNIGHT Unholy 90/4; HUNTER Survival 62/2; PALADIN Retribution 44/2; MAGE Frost 32/1; PALADIN Protection 30/1; SHAMAN Restoration 25/1; DEATHKNIGHT Frost 24/1; WARRIOR Fury 19/1; HUNTER Marksmanship 18/1; WARLOCK Demonology 15/1; DRUID Guardian 13/1; SHAMAN Elemental 10/1; PRIEST Shadow 7/1,389,17,"Applied by 9 classes (DEATHKNIGHT, DRUID, HUNTER, MAGE, PALADIN, PRIEST, SHAMAN, WARLOCK, WARRIOR) with 389 applications / 17 players; not in any of their player-castable spell pools, so an item or consumable effect → Consumables (rule R8).",high,addition|consumables|ALL|dawnthread lining|457666,Rejected,I want to delete the consumables category altogether
R0524,1214848,Winds of Mysterious Fortune,addition,ALL,,consumables,DEATHKNIGHT Blood 42/12; PALADIN Protection 42/9; DRUID Balance 40/6; HUNTER Beast Mastery 37/13; MAGE Arcane 30/21; PALADIN Holy 27/9; SHAMAN Restoration 25/4; MONK Mistweaver 23/4; PALADIN Retribution 18/15; WARLOCK Demonology 14/13; WARRIOR Arms 12/10; DRUID Restoration 8/5; MONK Windwalker 8/4; DEATHKNIGHT Frost 6/6; ROGUE Assassination 5/4; SHAMAN Elemental 5/4; DEATHKNIGHT Unholy 4/4; DEMONHUNTER Devourer 4/4; DEMONHUNTER Vengeance 4/4; EVOKER Preservation 4/3; MAGE Frost 4/3; PRIEST Holy 4/4; PRIEST Shadow 4/3; HUNTER Survival 3/2; DEMONHUNTER Havoc 2/2; EVOKER Devastation 2/1; HUNTER Marksmanship 2/2; PRIEST Discipline 2/1; ROGUE Outlaw 2/2; DRUID Feral 1/1; DRUID Guardian 1/1; WARLOCK Affliction 1/1; WARLOCK Destruction 1/1; WARRIOR Protection 1/1,388,175,"Applied by 13 classes (DEATHKNIGHT, DEMONHUNTER, DRUID, EVOKER, HUNTER, MAGE, MONK, PALADIN, PRIEST, ROGUE, SHAMAN, WARLOCK, WARRIOR) with 388 applications / 175 players; not in any of their player-castable spell pools, so an item or consumable effect → Consumables (rule R8).",high,addition|consumables|ALL|winds of mysterious fortune|1214848,Rejected,I want to delete the consumables category altogether
R0525,1230366,Radiant Acumen,addition,ALL,,consumables,DEATHKNIGHT Unholy 44/1; SHAMAN Enhancement 43/1; EVOKER Devastation 42/1; SHAMAN Elemental 41/1; ROGUE Assassination 39/1; MAGE Arcane 37/1; PALADIN Protection 35/1; PRIEST Discipline 35/1; PALADIN Retribution 34/1; PRIEST Shadow 32/1; WARLOCK Demonology 1/1,383,11,"Applied by 8 classes (DEATHKNIGHT, EVOKER, MAGE, PALADIN, PRIEST, ROGUE, SHAMAN, WARLOCK) with 383 applications / 11 players; not in any of their player-castable spell pools, so an item or consumable effect → Consumables (rule R8).",high,addition|consumables|ALL|radiant acumen|1230366,Rejected,I want to delete the consumables category altogether
R0526,1257183,Nalorakk's Call to War,addition,ALL,,consumables,MONK Brewmaster 105/7; DEATHKNIGHT Blood 50/3; MONK Windwalker 42/3; PALADIN Retribution 37/3; DEATHKNIGHT Frost 35/2; MAGE Frost 24/1; WARLOCK Affliction 24/2; DRUID Guardian 16/1; DRUID Balance 15/1; HUNTER Beast Mastery 15/1; EVOKER Devastation 13/1; SHAMAN Elemental 4/1; DEMONHUNTER Devourer 2/1,382,27,"Applied by 10 classes (DEATHKNIGHT, DEMONHUNTER, DRUID, EVOKER, HUNTER, MAGE, MONK, PALADIN, SHAMAN, WARLOCK) with 382 applications / 27 players; not in any of their player-castable spell pools, so an item or consumable effect → Consumables (rule R8).",high,addition|consumables|ALL|nalorakk's call to war|1257183,Rejected,I want to delete the consumables category altogether
R0527,448730,Authority of Radiant Power,addition,ALL,,consumables,DEMONHUNTER Devourer 109/4; PALADIN Protection 77/3; DEMONHUNTER Vengeance 30/1; SHAMAN Enhancement 28/1; WARLOCK Demonology 26/1; MONK Brewmaster 25/1; WARRIOR Fury 24/1; MAGE Frost 23/1; MAGE Arcane 13/1; EVOKER Preservation 11/1,366,15,"Applied by 8 classes (DEMONHUNTER, EVOKER, MAGE, MONK, PALADIN, SHAMAN, WARLOCK, WARRIOR) with 366 applications / 15 players; not in any of their player-castable spell pools, so an item or consumable effect → Consumables (rule R8).",high,addition|consumables|ALL|authority of radiant power|448730,Rejected,I want to delete the consumables category altogether
R0528,186403,Sign of Battle,addition,ALL,,consumables,DEATHKNIGHT Blood 47/5; DRUID Restoration 42/12; SHAMAN Restoration 36/8; WARLOCK Demonology 26/11; MAGE Arcane 18/11; DEATHKNIGHT Unholy 15/10; PALADIN Retribution 14/12; SHAMAN Elemental 13/8; HUNTER Beast Mastery 12/6; MAGE Frost 11/7; WARRIOR Arms 11/6; WARLOCK Destruction 10/3; DRUID Balance 9/7; MONK Brewmaster 9/4; PALADIN Holy 9/5; DEMONHUNTER Vengeance 8/3; PALADIN Protection 8/4; HUNTER Survival 7/4; PRIEST Holy 7/6; DEMONHUNTER Devourer 6/4; SHAMAN Enhancement 6/2; DRUID Feral 5/3; MONK Windwalker 4/4; WARLOCK Affliction 4/3; DEMONHUNTER Havoc 3/2; EVOKER Augmentation 3/1; EVOKER Devastation 3/3; HUNTER Marksmanship 3/1; ROGUE Outlaw 3/1; WARRIOR Fury 3/3; DEATHKNIGHT Frost 2/2; DRUID Guardian 2/2; MAGE Fire 2/2; WARRIOR Protection 2/2; EVOKER Preservation 1/1; MONK Mistweaver 1/1; PRIEST Discipline 1/1,366,165,"Applied by 13 classes (DEATHKNIGHT, DEMONHUNTER, DRUID, EVOKER, HUNTER, MAGE, MONK, PALADIN, PRIEST, ROGUE, SHAMAN, WARLOCK, WARRIOR) with 366 applications / 165 players; not in any of their player-castable spell pools, so an item or consumable effect → Consumables (rule R8).",high,addition|consumables|ALL|sign of battle|186403,Rejected,I want to delete the consumables category altogether
R0529,1258887,Amirdrassil's Swiftness,addition,ALL,,consumables,HUNTER Beast Mastery 154/13; SHAMAN Elemental 104/9; SHAMAN Restoration 46/3; HUNTER Marksmanship 44/5; HUNTER Survival 17/2,365,31,"Applied by 2 classes (HUNTER, SHAMAN) with 365 applications / 31 players; not in any of their player-castable spell pools, so an item or consumable effect → Consumables (rule R8).",high,addition|consumables|ALL|amirdrassil's swiftness|1258887,Rejected,I want to delete the consumables category altogether
R0530,1258890,Shaladrassil's Strength,addition,ALL,,consumables,HUNTER Beast Mastery 158/13; SHAMAN Elemental 97/9; HUNTER Marksmanship 47/5; SHAMAN Restoration 35/3; HUNTER Survival 28/2,365,31,"Applied by 2 classes (HUNTER, SHAMAN) with 365 applications / 31 players; not in any of their player-castable spell pools, so an item or consumable effect → Consumables (rule R8).",high,addition|consumables|ALL|shaladrassil's strength|1258890,Rejected,I want to delete the consumables category altogether
R0531,1268058,Deepening Temptation,addition,ALL,,consumables,MAGE Frost 65/6; WARLOCK Demonology 53/6; DEMONHUNTER Devourer 47/4; PALADIN Holy 33/3; EVOKER Preservation 31/3; DRUID Restoration 23/1; SHAMAN Elemental 21/2; SHAMAN Restoration 18/2; DRUID Balance 17/2; MAGE Arcane 16/1; PRIEST Shadow 13/1; PRIEST Holy 11/1; MONK Mistweaver 7/1,355,33,"Applied by 9 classes (DEMONHUNTER, DRUID, EVOKER, MAGE, MONK, PALADIN, PRIEST, SHAMAN, WARLOCK) with 355 applications / 33 players; not in any of their player-castable spell pools, so an item or consumable effect → Consumables (rule R8).",high,addition|consumables|ALL|deepening temptation|1268058,Rejected,I want to delete the consumables category altogether
R0532,1258885,Teldrassil's Tenacity,addition,ALL,,consumables,HUNTER Beast Mastery 133/13; SHAMAN Elemental 97/9; HUNTER Marksmanship 61/5; SHAMAN Restoration 32/3; HUNTER Survival 26/2,349,31,"Applied by 2 classes (HUNTER, SHAMAN) with 349 applications / 31 players; not in any of their player-castable spell pools, so an item or consumable effect → Consumables (rule R8).",high,addition|consumables|ALL|teldrassil's tenacity|1258885,Rejected,I want to delete the consumables category altogether
R0533,1258886,Nordrassil's Sagacity,addition,ALL,,consumables,HUNTER Beast Mastery 149/13; SHAMAN Elemental 78/9; HUNTER Marksmanship 51/5; SHAMAN Restoration 41/3; HUNTER Survival 27/2,346,31,"Applied by 2 classes (HUNTER, SHAMAN) with 346 applications / 31 players; not in any of their player-castable spell pools, so an item or consumable effect → Consumables (rule R8).",high,addition|consumables|ALL|nordrassil's sagacity|1258886,Rejected,I want to delete the consumables category altogether
R0534,1235111,Flask of the Shattered Sun,addition,ALL,,consumables,DEATHKNIGHT Blood 112/8; SHAMAN Restoration 80/8; WARLOCK Demonology 21/16; WARLOCK Destruction 18/1; WARRIOR Arms 16/9; MAGE Frost 14/6; DEMONHUNTER Havoc 9/7; DEATHKNIGHT Frost 8/7; DEATHKNIGHT Unholy 8/7; HUNTER Beast Mastery 6/4; SHAMAN Elemental 6/3; PRIEST Discipline 5/2; DEMONHUNTER Devourer 4/2; HUNTER Marksmanship 4/3; MAGE Arcane 4/3; MONK Windwalker 4/1; PALADIN Protection 4/4; MONK Brewmaster 3/3; PRIEST Holy 3/3; ROGUE Outlaw 3/2; PALADIN Retribution 2/2; ROGUE Assassination 2/2; EVOKER Devastation 1/1; PALADIN Holy 1/1; ROGUE Subtlety 1/1; SHAMAN Enhancement 1/1; WARLOCK Affliction 1/1,341,107,"Applied by 12 classes (DEATHKNIGHT, DEMONHUNTER, EVOKER, HUNTER, MAGE, MONK, PALADIN, PRIEST, ROGUE, SHAMAN, WARLOCK, WARRIOR) with 341 applications / 107 players; not in any of their player-castable spell pools, so an item or consumable effect → Consumables (rule R8).",high,addition|consumables|ALL|flask of the shattered sun|1235111,Rejected,I want to delete the consumables category altogether
R0535,1236118,Cauterizing Bolts,addition,ALL,,consumables,DRUID Restoration 198/1; SHAMAN Restoration 66/1; MONK Mistweaver 36/1; SHAMAN Elemental 30/1,330,3,"Applied by 3 classes (DRUID, MONK, SHAMAN) with 330 applications / 3 players; not in any of their player-castable spell pools, so an item or consumable effect → Consumables (rule R8).",high,addition|consumables|ALL|cauterizing bolts|1236118,Rejected,I want to delete the consumables category altogether
R0536,1272942,Telluric Leyblossom,addition,ALL,,consumables,SHAMAN Restoration 174/2; PRIEST Shadow 56/1; WARLOCK Demonology 40/1; MAGE Fire 25/1; MAGE Frost 21/1; HUNTER Beast Mastery 7/1; DRUID Feral 6/1,329,8,"Applied by 6 classes (DRUID, HUNTER, MAGE, PRIEST, SHAMAN, WARLOCK) with 329 applications / 8 players; not in any of their player-castable spell pools, so an item or consumable effect → Consumables (rule R8).",high,addition|consumables|ALL|telluric leyblossom|1272942,Rejected,I want to delete the consumables category altogether
R0537,1247579,Jan'alai's Warmth,addition,ALL,,consumables,PRIEST Shadow 74/3; MAGE Arcane 61/2; HUNTER Survival 44/1; DEATHKNIGHT Frost 37/1; PALADIN Retribution 29/1; WARRIOR Fury 28/1; HUNTER Beast Mastery 25/1; SHAMAN Elemental 25/1,323,11,"Applied by 7 classes (DEATHKNIGHT, HUNTER, MAGE, PALADIN, PRIEST, SHAMAN, WARRIOR) with 323 applications / 11 players; not in any of their player-castable spell pools, so an item or consumable effect → Consumables (rule R8).",high,addition|consumables|ALL|jan'alai's warmth|1247579,Rejected,I want to delete the consumables category altogether
R0538,1218713,Explosive Adrenaline,addition,ALL,,consumables,HUNTER Survival 93/4; DEATHKNIGHT Unholy 70/3; DEATHKNIGHT Frost 25/1; SHAMAN Enhancement 25/1; MONK Brewmaster 24/1; PALADIN Protection 21/1; PALADIN Retribution 21/1; HUNTER Beast Mastery 20/1; HUNTER Marksmanship 18/1,317,14,"Applied by 5 classes (DEATHKNIGHT, HUNTER, MONK, PALADIN, SHAMAN) with 317 applications / 14 players; not in any of their player-castable spell pools, so an item or consumable effect → Consumables (rule R8).",high,addition|consumables|ALL|explosive adrenaline|1218713,Rejected,I want to delete the consumables category altogether
R0539,1218715,Maybe Stop Blowing Up,addition,ALL,,consumables,HUNTER Survival 93/4; DEATHKNIGHT Unholy 70/3; DEATHKNIGHT Frost 25/1; SHAMAN Enhancement 25/1; MONK Brewmaster 24/1; PALADIN Protection 21/1; PALADIN Retribution 21/1; HUNTER Beast Mastery 20/1; HUNTER Marksmanship 18/1,317,14,"Applied by 5 classes (DEATHKNIGHT, HUNTER, MONK, PALADIN, SHAMAN) with 317 applications / 14 players; not in any of their player-castable spell pools, so an item or consumable effect → Consumables (rule R8).",high,addition|consumables|ALL|maybe stop blowing up|1218715,Rejected,I want to delete the consumables category altogether
R0540,1265808,Umbral Plume,addition,ALL,,consumables,PALADIN Retribution 76/2; WARRIOR Arms 74/3; HUNTER Beast Mastery 48/2; MONK Brewmaster 41/1; DEMONHUNTER Havoc 28/1; HUNTER Marksmanship 25/1; PALADIN Protection 19/1,311,11,"Applied by 5 classes (DEMONHUNTER, HUNTER, MONK, PALADIN, WARRIOR) with 311 applications / 11 players; not in any of their player-castable spell pools, so an item or consumable effect → Consumables (rule R8).",high,addition|consumables|ALL|umbral plume|1265808,Rejected,I want to delete the consumables category altogether
R0541,449275,Nascent Empowerment,addition,ALL,,consumables,DRUID Restoration 151/1; MONK Brewmaster 56/2; SHAMAN Restoration 47/1; SHAMAN Elemental 21/1; PRIEST Holy 18/1; MAGE Frost 17/1,310,6,"Applied by 5 classes (DRUID, MAGE, MONK, PRIEST, SHAMAN) with 310 applications / 6 players; not in any of their player-castable spell pools, so an item or consumable effect → Consumables (rule R8).",high,addition|consumables|ALL|nascent empowerment|449275,Rejected,I want to delete the consumables category altogether
R0542,1239221,Diamantine Voidcore,addition,ALL,,consumables,DEMONHUNTER Devourer 97/3; MAGE Frost 58/2; WARLOCK Destruction 41/1; SHAMAN Elemental 38/1; EVOKER Preservation 34/1; DRUID Restoration 32/1,300,9,"Applied by 6 classes (DEMONHUNTER, DRUID, EVOKER, MAGE, SHAMAN, WARLOCK) with 300 applications / 9 players; not in any of their player-castable spell pools, so an item or consumable effect → Consumables (rule R8).",high,addition|consumables|ALL|diamantine voidcore|1239221,Rejected,I want to delete the consumables category altogether
R0543,1295735,Battle Fervor,addition,ALL,,consumables,WARRIOR Arms 96/6; DEATHKNIGHT Unholy 44/3; ROGUE Subtlety 35/1; PALADIN Retribution 31/1; HUNTER Beast Mastery 26/4; ROGUE Outlaw 22/2; DEATHKNIGHT Blood 15/1; DEATHKNIGHT Frost 13/1; HUNTER Marksmanship 8/1,290,20,"Applied by 5 classes (DEATHKNIGHT, HUNTER, PALADIN, ROGUE, WARRIOR) with 290 applications / 20 players; not in any of their player-castable spell pools, so an item or consumable effect → Consumables (rule R8).",high,addition|consumables|ALL|battle fervor|1295735,Rejected,I want to delete the consumables category altogether
R0544,1256697,Find Lumber,addition,ALL,,consumables,PALADIN Retribution 27/24; DRUID Restoration 25/11; WARLOCK Demonology 25/14; MAGE Arcane 21/14; MAGE Frost 17/8; DEMONHUNTER Devourer 16/13; HUNTER Beast Mastery 14/8; DEATHKNIGHT Unholy 13/7; DRUID Balance 11/9; PALADIN Holy 10/8; SHAMAN Elemental 9/6; PRIEST Holy 8/8; SHAMAN Restoration 8/4; WARLOCK Destruction 8/4; PALADIN Protection 6/4; PRIEST Discipline 6/3; WARRIOR Arms 6/5; DEMONHUNTER Vengeance 5/3; DRUID Feral 5/3; DEATHKNIGHT Frost 4/4; MONK Windwalker 4/4; ROGUE Outlaw 4/2; WARRIOR Fury 4/4; DEATHKNIGHT Blood 3/3; DRUID Guardian 3/1; EVOKER Preservation 3/3; WARLOCK Affliction 3/2; EVOKER Augmentation 2/2; EVOKER Devastation 2/2; HUNTER Survival 2/2; MAGE Fire 2/2; MONK Brewmaster 2/2; PRIEST Shadow 2/2; ROGUE Assassination 2/2; SHAMAN Enhancement 2/2; DEMONHUNTER Havoc 1/1; HUNTER Marksmanship 1/1; MONK Mistweaver 1/1; WARRIOR Protection 1/1,288,196,"Applied by 13 classes (DEATHKNIGHT, DEMONHUNTER, DRUID, EVOKER, HUNTER, MAGE, MONK, PALADIN, PRIEST, ROGUE, SHAMAN, WARLOCK, WARRIOR) with 288 applications / 196 players; not in any of their player-castable spell pools, so an item or consumable effect → Consumables (rule R8).",high,addition|consumables|ALL|find lumber|1256697,Rejected,I want to delete the consumables category altogether
R0545,1305376,Devoured Strength,addition,ALL,,consumables,DEATHKNIGHT Unholy 57/4; ROGUE Assassination 47/4; DEATHKNIGHT Frost 43/3; PALADIN Retribution 41/3; DEMONHUNTER Vengeance 20/2; HUNTER Marksmanship 13/1; MONK Brewmaster 13/1; MONK Windwalker 13/1; WARRIOR Fury 13/1; DEATHKNIGHT Blood 12/1; ROGUE Outlaw 11/1; HUNTER Beast Mastery 4/1,287,23,"Applied by 7 classes (DEATHKNIGHT, DEMONHUNTER, HUNTER, MONK, PALADIN, ROGUE, WARRIOR) with 287 applications / 23 players; not in any of their player-castable spell pools, so an item or consumable effect → Consumables (rule R8).",high,addition|consumables|ALL|devoured strength|1305376,Rejected,I want to delete the consumables category altogether
R0546,1297761,Voracious Heart of Ula'tek,addition,ALL,,consumables,DEATHKNIGHT Unholy 57/4; ROGUE Assassination 47/4; DEATHKNIGHT Frost 43/3; PALADIN Retribution 41/3; DEMONHUNTER Vengeance 20/2; HUNTER Marksmanship 13/1; MONK Brewmaster 13/1; MONK Windwalker 13/1; WARRIOR Fury 13/1; DEATHKNIGHT Blood 12/1; ROGUE Outlaw 11/1; HUNTER Beast Mastery 4/1,287,23,"Applied by 7 classes (DEATHKNIGHT, DEMONHUNTER, HUNTER, MONK, PALADIN, ROGUE, WARRIOR) with 287 applications / 23 players; not in any of their player-castable spell pools, so an item or consumable effect → Consumables (rule R8).",high,addition|consumables|ALL|voracious heart of ula'tek|1297761,Rejected,I want to delete the consumables category altogether
R0547,1235108,Flask of the Magisters,addition,ALL,,consumables,HUNTER Beast Mastery 71/22; PALADIN Retribution 40/32; DRUID Balance 21/8; DEMONHUNTER Devourer 19/13; MAGE Frost 18/8; PALADIN Holy 16/8; HUNTER Survival 13/5; SHAMAN Elemental 13/9; WARRIOR Fury 10/7; DEATHKNIGHT Unholy 7/4; MAGE Arcane 7/6; WARLOCK Demonology 7/4; PRIEST Shadow 6/5; DEATHKNIGHT Blood 4/1; WARLOCK Destruction 4/2; DRUID Restoration 3/2; HUNTER Marksmanship 3/1; DEATHKNIGHT Frost 2/2; DEMONHUNTER Havoc 2/2; DEMONHUNTER Vengeance 2/2; MONK Windwalker 2/2; PRIEST Holy 2/2; DRUID Feral 1/1; DRUID Guardian 1/1; EVOKER Preservation 1/1; MAGE Fire 1/1; ROGUE Subtlety 1/1; SHAMAN Enhancement 1/1; SHAMAN Restoration 1/1,279,149,"Applied by 13 classes (DEATHKNIGHT, DEMONHUNTER, DRUID, EVOKER, HUNTER, MAGE, MONK, PALADIN, PRIEST, ROGUE, SHAMAN, WARLOCK, WARRIOR) with 279 applications / 149 players; not in any of their player-castable spell pools, so an item or consumable effect → Consumables (rule R8).",high,addition|consumables|ALL|flask of the magisters|1235108,Rejected,I want to delete the consumables category altogether
R0548,1260316,Mark of Frost,addition,ALL,,consumables,PALADIN Protection 138/3; DEATHKNIGHT Blood 54/2; MONK Brewmaster 43/1; DEMONHUNTER Vengeance 29/1,264,7,"Applied by 4 classes (DEATHKNIGHT, DEMONHUNTER, MONK, PALADIN) with 264 applications / 7 players; not in any of their player-castable spell pools, so an item or consumable effect → Consumables (rule R8).",high,addition|consumables|ALL|mark of frost|1260316,Rejected,I want to delete the consumables category altogether
R0549,2383,Find Herbs,addition,ALL,,consumables,DRUID Balance 54/10; DRUID Restoration 30/15; PALADIN Retribution 21/14; DRUID Guardian 16/8; WARLOCK Demonology 12/10; DEATHKNIGHT Unholy 11/5; DEMONHUNTER Devourer 8/5; HUNTER Beast Mastery 8/6; SHAMAN Elemental 8/5; SHAMAN Enhancement 7/3; EVOKER Preservation 6/3; MONK Windwalker 6/3; PALADIN Protection 6/4; DEMONHUNTER Havoc 5/4; DEMONHUNTER Vengeance 5/2; EVOKER Devastation 5/2; MAGE Arcane 5/4; MAGE Frost 5/5; SHAMAN Restoration 5/5; WARLOCK Destruction 5/3; HUNTER Survival 4/2; PRIEST Holy 4/4; PRIEST Shadow 4/4; WARLOCK Affliction 4/3; PALADIN Holy 3/3; DEATHKNIGHT Blood 2/2; DEATHKNIGHT Frost 2/2; ROGUE Outlaw 2/2; WARRIOR Arms 2/2; DRUID Feral 1/1; EVOKER Augmentation 1/1; MONK Mistweaver 1/1; PRIEST Discipline 1/1; ROGUE Subtlety 1/1; WARRIOR Fury 1/1; WARRIOR Protection 1/1,262,146,"Applied by 13 classes (DEATHKNIGHT, DEMONHUNTER, DRUID, EVOKER, HUNTER, MAGE, MONK, PALADIN, PRIEST, ROGUE, SHAMAN, WARLOCK, WARRIOR) with 262 applications / 146 players; not in any of their player-castable spell pools, so an item or consumable effect → Consumables (rule R8).",high,addition|consumables|ALL|find herbs|2383,Rejected,I want to delete the consumables category altogether
R0550,225787,Sign of the Warrior,addition,ALL,,consumables,DEATHKNIGHT Blood 29/8; DRUID Balance 23/4; HUNTER Beast Mastery 23/12; PALADIN Protection 23/5; MONK Mistweaver 21/4; MAGE Arcane 17/12; PALADIN Holy 16/5; SHAMAN Restoration 15/2; DEMONHUNTER Devourer 11/5; PALADIN Retribution 10/8; WARLOCK Demonology 7/6; PRIEST Shadow 6/5; WARLOCK Destruction 6/2; DEATHKNIGHT Unholy 4/3; DEMONHUNTER Havoc 4/2; DEMONHUNTER Vengeance 4/2; DRUID Restoration 4/3; WARRIOR Arms 4/3; DEATHKNIGHT Frost 3/3; DRUID Guardian 3/1; EVOKER Preservation 3/2; MONK Windwalker 3/2; PRIEST Discipline 3/3; ROGUE Assassination 3/2; ROGUE Outlaw 3/3; MAGE Frost 2/2; DRUID Feral 1/1; EVOKER Augmentation 1/1; HUNTER Survival 1/1; PRIEST Holy 1/1; SHAMAN Elemental 1/1; WARLOCK Affliction 1/1; WARRIOR Fury 1/1; WARRIOR Protection 1/1,258,113,"Applied by 13 classes (DEATHKNIGHT, DEMONHUNTER, DRUID, EVOKER, HUNTER, MAGE, MONK, PALADIN, PRIEST, ROGUE, SHAMAN, WARLOCK, WARRIOR) with 258 applications / 113 players; not in any of their player-castable spell pools, so an item or consumable effect → Consumables (rule R8).",high,addition|consumables|ALL|sign of the warrior|225787,Rejected,I want to delete the consumables category altogether
R0551,1232065,Food & Drink,addition,ALL,,consumables,SHAMAN Restoration 49/3; DRUID Restoration 43/8; PRIEST Holy 20/5; DEATHKNIGHT Blood 16/3; HUNTER Beast Mastery 10/6; MAGE Arcane 10/5; PALADIN Retribution 10/8; PALADIN Holy 8/4; DEMONHUNTER Devourer 6/5; DEMONHUNTER Havoc 5/5; MAGE Frost 5/5; MONK Mistweaver 5/1; WARLOCK Destruction 5/1; DEATHKNIGHT Frost 4/1; HUNTER Marksmanship 4/3; HUNTER Survival 4/2; WARLOCK Demonology 4/4; WARRIOR Arms 4/2; DEATHKNIGHT Unholy 3/2; DRUID Balance 3/3; DRUID Guardian 3/3; EVOKER Augmentation 3/3; EVOKER Devastation 3/2; PALADIN Protection 3/3; SHAMAN Elemental 3/3; DEMONHUNTER Vengeance 2/1; DRUID Feral 2/1; PRIEST Discipline 2/1; WARRIOR Fury 2/2; EVOKER Preservation 1/1; MONK Brewmaster 1/1; ROGUE Outlaw 1/1; SHAMAN Enhancement 1/1,245,99,"Applied by 13 classes (DEATHKNIGHT, DEMONHUNTER, DRUID, EVOKER, HUNTER, MAGE, MONK, PALADIN, PRIEST, ROGUE, SHAMAN, WARLOCK, WARRIOR) with 245 applications / 99 players; not in any of their player-castable spell pools, so an item or consumable effect → Consumables (rule R8).",high,addition|consumables|ALL|food & drink|1232065,Rejected,I want to delete the consumables category altogether
R0552,2580,Find Minerals,addition,ALL,,consumables,PALADIN Retribution 32/25; DEATHKNIGHT Unholy 19/12; WARRIOR Arms 18/10; DRUID Restoration 17/9; DEATHKNIGHT Blood 12/8; DEMONHUNTER Devourer 12/7; PALADIN Protection 11/8; WARLOCK Demonology 11/8; DRUID Guardian 9/4; HUNTER Beast Mastery 9/5; PALADIN Holy 8/8; SHAMAN Enhancement 8/4; DEMONHUNTER Vengeance 6/3; HUNTER Survival 6/4; WARRIOR Fury 6/6; DEMONHUNTER Havoc 5/4; MAGE Frost 5/3; WARLOCK Affliction 5/3; DRUID Balance 4/3; EVOKER Preservation 4/3; SHAMAN Elemental 4/2; WARLOCK Destruction 4/2; WARRIOR Protection 4/4; DEATHKNIGHT Frost 3/3; MAGE Arcane 3/3; PRIEST Holy 3/3; HUNTER Marksmanship 2/2; MONK Windwalker 2/2; PRIEST Shadow 2/2; SHAMAN Restoration 2/2; EVOKER Augmentation 1/1; MAGE Fire 1/1; MONK Brewmaster 1/1; ROGUE Assassination 1/1; ROGUE Outlaw 1/1; ROGUE Subtlety 1/1,242,166,"Applied by 13 classes (DEATHKNIGHT, DEMONHUNTER, DRUID, EVOKER, HUNTER, MAGE, MONK, PALADIN, PRIEST, ROGUE, SHAMAN, WARLOCK, WARRIOR) with 242 applications / 166 players; not in any of their player-castable spell pools, so an item or consumable effect → Consumables (rule R8).",high,addition|consumables|ALL|find minerals|2580,Rejected,I want to delete the consumables category altogether
R0553,1269918,Drink,addition,ALL,,consumables,DRUID Restoration 60/11; SHAMAN Restoration 46/3; PRIEST Holy 26/7; PALADIN Holy 13/5; PALADIN Retribution 10/8; HUNTER Beast Mastery 8/6; DEATHKNIGHT Blood 6/3; DEMONHUNTER Devourer 6/5; PRIEST Discipline 6/1; MAGE Frost 5/5; WARLOCK Destruction 5/1; DEATHKNIGHT Frost 4/1; HUNTER Survival 4/2; DEMONHUNTER Havoc 3/3; DRUID Balance 3/3; EVOKER Augmentation 3/3; WARLOCK Demonology 3/3; DEMONHUNTER Vengeance 2/1; DRUID Feral 2/1; DRUID Guardian 2/2; EVOKER Devastation 2/1; HUNTER Marksmanship 2/2; MAGE Arcane 2/2; WARRIOR Fury 2/2; DEATHKNIGHT Unholy 1/1; EVOKER Preservation 1/1; MONK Brewmaster 1/1; PALADIN Protection 1/1; ROGUE Outlaw 1/1; SHAMAN Elemental 1/1; SHAMAN Enhancement 1/1; WARRIOR Arms 1/1,233,89,"Applied by 13 classes (DEATHKNIGHT, DEMONHUNTER, DRUID, EVOKER, HUNTER, MAGE, MONK, PALADIN, PRIEST, ROGUE, SHAMAN, WARLOCK, WARRIOR) with 233 applications / 89 players; not in any of their player-castable spell pools, so an item or consumable effect → Consumables (rule R8).",high,addition|consumables|ALL|drink|1269918,Rejected,I want to delete the consumables category altogether
R0554,1291791,Drink,addition,ALL,,consumables,SHAMAN Restoration 95/8; DRUID Restoration 92/3; MONK Mistweaver 16/2; PALADIN Holy 13/4; PRIEST Discipline 9/3; PALADIN Protection 3/1; EVOKER Preservation 1/1; PRIEST Holy 1/1,230,23,"Applied by 6 classes (DRUID, EVOKER, MONK, PALADIN, PRIEST, SHAMAN) with 230 applications / 23 players; not in any of their player-castable spell pools, so an item or consumable effect → Consumables (rule R8).",high,addition|consumables|ALL|drink|1291791,Rejected,I want to delete the consumables category altogether
R0555,415603,Encapsulated Destiny,addition,ALL,,consumables,PALADIN Protection 52/2; HUNTER Beast Mastery 50/5; PALADIN Holy 33/7; PALADIN Retribution 16/9; MAGE Frost 9/4; DRUID Restoration 8/4; MAGE Arcane 7/5; MONK Windwalker 6/2; DEMONHUNTER Devourer 4/4; DRUID Balance 4/4; DRUID Guardian 4/2; ROGUE Outlaw 4/2; EVOKER Devastation 3/2; SHAMAN Elemental 3/3; DEATHKNIGHT Unholy 2/2; EVOKER Preservation 2/2; HUNTER Survival 2/1; MONK Brewmaster 2/2; PRIEST Holy 2/2; PRIEST Shadow 2/2; WARLOCK Demonology 2/2; WARLOCK Destruction 2/2; WARRIOR Arms 2/1; WARRIOR Fury 2/2; DEMONHUNTER Havoc 1/1; DEMONHUNTER Vengeance 1/1; MAGE Fire 1/1; PRIEST Discipline 1/1; SHAMAN Enhancement 1/1; SHAMAN Restoration 1/1,229,77,"Applied by 13 classes (DEATHKNIGHT, DEMONHUNTER, DRUID, EVOKER, HUNTER, MAGE, MONK, PALADIN, PRIEST, ROGUE, SHAMAN, WARLOCK, WARRIOR) with 229 applications / 77 players; not in any of their player-castable spell pools, so an item or consumable effect → Consumables (rule R8).",high,addition|consumables|ALL|encapsulated destiny|415603,Rejected,I want to delete the consumables category altogether
R0556,449100,Storm's Fury,addition,ALL,,consumables,DRUID Restoration 183/2; EVOKER Augmentation 24/1; MAGE Frost 18/1,225,4,"Applied by 3 classes (DRUID, EVOKER, MAGE) with 225 applications / 4 players; not in any of their player-castable spell pools, so an item or consumable effect → Consumables (rule R8).",high,addition|consumables|ALL|storm's fury|449100,Rejected,I want to delete the consumables category altogether
R0557,471521,Sign of the Explorer,addition,ALL,,consumables,DEATHKNIGHT Blood 39/4; SHAMAN Restoration 20/2; HUNTER Beast Mastery 16/4; DEMONHUNTER Devourer 13/10; PALADIN Holy 13/6; PALADIN Retribution 12/8; DRUID Balance 10/3; DRUID Restoration 10/2; MAGE Frost 9/6; WARRIOR Arms 9/4; MONK Brewmaster 7/6; WARLOCK Demonology 7/6; DEATHKNIGHT Unholy 6/6; PRIEST Holy 6/5; WARLOCK Destruction 6/2; DRUID Feral 4/2; MAGE Arcane 4/4; DEATHKNIGHT Frost 3/2; MONK Mistweaver 3/1; PALADIN Protection 3/2; PRIEST Shadow 3/3; ROGUE Assassination 3/3; DEMONHUNTER Vengeance 2/2; DRUID Guardian 2/2; EVOKER Preservation 2/2; SHAMAN Elemental 2/2; SHAMAN Enhancement 2/2; EVOKER Devastation 1/1; HUNTER Survival 1/1; MAGE Fire 1/1; MONK Windwalker 1/1; PRIEST Discipline 1/1; ROGUE Outlaw 1/1; ROGUE Subtlety 1/1; WARRIOR Fury 1/1,224,107,"Applied by 13 classes (DEATHKNIGHT, DEMONHUNTER, DRUID, EVOKER, HUNTER, MAGE, MONK, PALADIN, PRIEST, ROGUE, SHAMAN, WARLOCK, WARRIOR) with 224 applications / 107 players; not in any of their player-castable spell pools, so an item or consumable effect → Consumables (rule R8).",high,addition|consumables|ALL|sign of the explorer|471521,Rejected,I want to delete the consumables category altogether
R0558,1266184,Pangolin,addition,ALL,,consumables,HUNTER Beast Mastery 78/4; DEATHKNIGHT Blood 16/2; WARRIOR Fury 14/2; DEATHKNIGHT Unholy 13/3; WARRIOR Arms 13/3; MONK Windwalker 12/2; PALADIN Retribution 12/3; DRUID Guardian 8/1; DEMONHUNTER Havoc 7/1; DEATHKNIGHT Frost 6/1; ROGUE Assassination 6/1; WARRIOR Protection 6/1; DEMONHUNTER Devourer 5/1; MAGE Arcane 5/1; PALADIN Protection 5/1; WARLOCK Destruction 5/1; SHAMAN Enhancement 3/1; DRUID Balance 2/1; DRUID Feral 2/1; HUNTER Marksmanship 2/1; HUNTER Survival 2/1; DRUID Restoration 1/1,223,34,"Applied by 11 classes (DEATHKNIGHT, DEMONHUNTER, DRUID, HUNTER, MAGE, MONK, PALADIN, ROGUE, SHAMAN, WARLOCK, WARRIOR) with 223 applications / 34 players; not in any of their player-castable spell pools, so an item or consumable effect → Consumables (rule R8).",high,addition|consumables|ALL|pangolin|1266184,Rejected,I want to delete the consumables category altogether
R0559,449115,Forged Tenacity,addition,ALL,,consumables,MAGE Frost 65/1; MAGE Arcane 64/3; PALADIN Retribution 27/1; SHAMAN Elemental 27/1; MONK Brewmaster 18/1; WARRIOR Fury 18/1,219,8,"Applied by 5 classes (MAGE, MONK, PALADIN, SHAMAN, WARRIOR) with 219 applications / 8 players; not in any of their player-castable spell pools, so an item or consumable effect → Consumables (rule R8).",high,addition|consumables|ALL|forged tenacity|449115,Rejected,I want to delete the consumables category altogether
R0560,1293326,Tattered Amani War Banner,addition,ALL,,consumables,WARRIOR Arms 58/6; DEATHKNIGHT Unholy 32/3; DRUID Guardian 24/1; HUNTER Beast Mastery 23/4; ROGUE Subtlety 16/1; PALADIN Retribution 14/1; ROGUE Outlaw 14/2; DEATHKNIGHT Frost 13/1; DEATHKNIGHT Blood 12/1; HUNTER Marksmanship 9/1,215,21,"Applied by 6 classes (DEATHKNIGHT, DRUID, HUNTER, PALADIN, ROGUE, WARRIOR) with 215 applications / 21 players; not in any of their player-castable spell pools, so an item or consumable effect → Consumables (rule R8).",high,addition|consumables|ALL|tattered amani war banner|1293326,Rejected,I want to delete the consumables category altogether
R0561,1266182,Bear,addition,ALL,,consumables,HUNTER Beast Mastery 71/3; PALADIN Retribution 15/3; DEATHKNIGHT Unholy 14/3; DEATHKNIGHT Blood 13/2; WARRIOR Arms 11/3; MONK Windwalker 10/2; WARRIOR Fury 8/2; DEMONHUNTER Havoc 7/1; DEATHKNIGHT Frost 6/1; DEMONHUNTER Devourer 6/1; DRUID Guardian 6/1; MAGE Arcane 6/1; WARLOCK Destruction 6/1; WARRIOR Protection 6/1; DRUID Feral 5/1; PALADIN Protection 5/1; HUNTER Survival 4/1; ROGUE Assassination 4/1; SHAMAN Enhancement 2/1; DRUID Balance 1/1; DRUID Restoration 1/1,207,32,"Applied by 11 classes (DEATHKNIGHT, DEMONHUNTER, DRUID, HUNTER, MAGE, MONK, PALADIN, ROGUE, SHAMAN, WARLOCK, WARRIOR) with 207 applications / 32 players; not in any of their player-castable spell pools, so an item or consumable effect → Consumables (rule R8).",high,addition|consumables|ALL|bear|1266182,Rejected,I want to delete the consumables category altogether
R0562,1259061,Favored by Kulzi,addition,ALL,,consumables,SHAMAN Restoration 104/2; DRUID Restoration 33/1; DRUID Balance 29/1; WARRIOR Protection 28/1; MONK Brewmaster 13/1,207,6,"Applied by 4 classes (DRUID, MONK, SHAMAN, WARRIOR) with 207 applications / 6 players; not in any of their player-castable spell pools, so an item or consumable effect → Consumables (rule R8).",high,addition|consumables|ALL|favored by kulzi|1259061,Rejected,I want to delete the consumables category altogether
R0563,1291894,Soulcoiler Ritual Vessel,addition,ALL,,consumables,PRIEST Holy 64/6; PALADIN Holy 32/3; SHAMAN Restoration 31/4; DRUID Restoration 29/3; MONK Mistweaver 22/4; EVOKER Preservation 21/2; PRIEST Discipline 7/1,206,23,"Applied by 6 classes (DRUID, EVOKER, MONK, PALADIN, PRIEST, SHAMAN) with 206 applications / 23 players; not in any of their player-castable spell pools, so an item or consumable effect → Consumables (rule R8).",high,addition|consumables|ALL|soulcoiler ritual vessel|1291894,Rejected,I want to delete the consumables category altogether
R0564,43308,Find Fish,addition,ALL,,consumables,WARLOCK Demonology 17/7; PALADIN Retribution 16/14; HUNTER Beast Mastery 14/9; MAGE Arcane 14/7; PALADIN Holy 12/8; DRUID Restoration 11/5; DEATHKNIGHT Unholy 9/5; DEMONHUNTER Devourer 8/5; SHAMAN Elemental 8/6; DRUID Balance 7/6; WARLOCK Destruction 7/3; EVOKER Preservation 6/3; SHAMAN Restoration 6/4; DEMONHUNTER Vengeance 5/2; DRUID Guardian 5/3; WARRIOR Fury 5/5; DEATHKNIGHT Blood 4/4; DRUID Feral 4/2; EVOKER Devastation 4/3; HUNTER Survival 4/3; ROGUE Outlaw 4/2; EVOKER Augmentation 3/1; MAGE Frost 3/3; PALADIN Protection 3/2; PRIEST Holy 3/3; PRIEST Shadow 3/3; ROGUE Assassination 3/3; SHAMAN Enhancement 3/3; WARLOCK Affliction 3/2; WARRIOR Arms 3/2; DEATHKNIGHT Frost 2/2; DEMONHUNTER Havoc 2/2; MONK Windwalker 2/2; MONK Brewmaster 1/1; PRIEST Discipline 1/1,205,133,"Applied by 13 classes (DEATHKNIGHT, DEMONHUNTER, DRUID, EVOKER, HUNTER, MAGE, MONK, PALADIN, PRIEST, ROGUE, SHAMAN, WARLOCK, WARRIOR) with 205 applications / 133 players; not in any of their player-castable spell pools, so an item or consumable effect → Consumables (rule R8).",high,addition|consumables|ALL|find fish|43308,Rejected,I want to delete the consumables category altogether
R0565,1266197,Lynx,addition,ALL,,consumables,HUNTER Beast Mastery 62/4; WARRIOR Fury 16/2; WARRIOR Arms 13/3; DEATHKNIGHT Unholy 12/3; MONK Windwalker 11/2; DRUID Guardian 10/1; PALADIN Retribution 9/3; DEATHKNIGHT Blood 8/2; DEATHKNIGHT Frost 7/1; DEMONHUNTER Devourer 7/1; WARLOCK Destruction 6/1; WARRIOR Protection 6/1; DEMONHUNTER Havoc 5/1; DRUID Feral 5/1; MAGE Arcane 5/1; PALADIN Protection 5/1; ROGUE Assassination 4/1; SHAMAN Enhancement 4/1; HUNTER Survival 3/1; DRUID Balance 2/1; HUNTER Marksmanship 2/1; DRUID Restoration 1/1,203,34,"Applied by 11 classes (DEATHKNIGHT, DEMONHUNTER, DRUID, HUNTER, MAGE, MONK, PALADIN, ROGUE, SHAMAN, WARLOCK, WARRIOR) with 203 applications / 34 players; not in any of their player-castable spell pools, so an item or consumable effect → Consumables (rule R8).",high,addition|consumables|ALL|lynx|1266197,Rejected,I want to delete the consumables category altogether
R0566,449108,Artisanal Flourish,addition,ALL,,consumables,HUNTER Survival 75/3; PALADIN Retribution 51/2; DRUID Guardian 29/1; DEMONHUNTER Devourer 22/1; PRIEST Shadow 19/1,196,8,"Applied by 5 classes (DEMONHUNTER, DRUID, HUNTER, PALADIN, PRIEST) with 196 applications / 8 players; not in any of their player-castable spell pools, so an item or consumable effect → Consumables (rule R8).",high,addition|consumables|ALL|artisanal flourish|449108,Rejected,I want to delete the consumables category altogether
R0567,1250609,Diverting Power...,addition,ALL,,consumables,SHAMAN Restoration 15/6; DEMONHUNTER Devourer 12/12; DEATHKNIGHT Blood 11/2; PALADIN Retribution 11/10; WARLOCK Demonology 11/10; HUNTER Beast Mastery 9/8; DRUID Guardian 8/5; DRUID Restoration 8/5; PALADIN Protection 8/7; WARLOCK Destruction 7/3; WARRIOR Arms 7/6; HUNTER Survival 6/5; MAGE Frost 6/5; DEATHKNIGHT Unholy 5/4; MAGE Arcane 5/4; WARRIOR Protection 5/5; DRUID Balance 4/2; MONK Mistweaver 4/3; SHAMAN Elemental 4/4; WARRIOR Fury 4/4; DEMONHUNTER Vengeance 3/3; EVOKER Augmentation 3/3; MONK Brewmaster 3/3; MONK Windwalker 3/2; PRIEST Shadow 3/3; ROGUE Outlaw 3/1; ROGUE Subtlety 3/3; DEMONHUNTER Havoc 2/2; DRUID Feral 2/1; EVOKER Preservation 2/2; HUNTER Marksmanship 2/2; PALADIN Holy 2/2; PRIEST Discipline 2/2; PRIEST Holy 2/2; ROGUE Assassination 2/2; SHAMAN Enhancement 2/2; DEATHKNIGHT Frost 1/1; EVOKER Devastation 1/1,191,146,"Applied by 13 classes (DEATHKNIGHT, DEMONHUNTER, DRUID, EVOKER, HUNTER, MAGE, MONK, PALADIN, PRIEST, ROGUE, SHAMAN, WARLOCK, WARRIOR) with 191 applications / 146 players; not in any of their player-castable spell pools, so an item or consumable effect → Consumables (rule R8).",high,addition|consumables|ALL|diverting power...|1250609,Rejected,I want to delete the consumables category altogether
R0568,1241764,Nature's Tenacity,addition,ALL,,consumables,DRUID Restoration 47/1; WARRIOR Protection 41/2; PALADIN Protection 39/1; PRIEST Discipline 33/1; DEMONHUNTER Havoc 31/1,191,6,"Applied by 5 classes (DEMONHUNTER, DRUID, PALADIN, PRIEST, WARRIOR) with 191 applications / 6 players; not in any of their player-castable spell pools, so an item or consumable effect → Consumables (rule R8).",high,addition|consumables|ALL|nature's tenacity|1241764,Rejected,I want to delete the consumables category altogether
R0569,1237842,Drain Shield,addition,ALL,,consumables,DEATHKNIGHT Blood 18/7; DEMONHUNTER Devourer 17/14; PALADIN Retribution 12/12; HUNTER Beast Mastery 11/11; SHAMAN Restoration 11/3; MAGE Frost 10/9; PALADIN Protection 9/6; WARLOCK Demonology 9/8; DRUID Restoration 8/5; DRUID Balance 7/6; MONK Mistweaver 7/7; EVOKER Augmentation 6/6; DEATHKNIGHT Unholy 5/5; DEMONHUNTER Havoc 5/5; MAGE Arcane 5/5; PRIEST Shadow 5/5; WARLOCK Destruction 5/3; DRUID Guardian 4/4; PALADIN Holy 4/4; SHAMAN Elemental 4/4; WARRIOR Fury 4/4; DEMONHUNTER Vengeance 3/3; HUNTER Survival 3/3; MONK Windwalker 3/3; WARRIOR Protection 3/3; DRUID Feral 2/2; PRIEST Discipline 2/2; PRIEST Holy 2/2; WARRIOR Arms 2/2; DEATHKNIGHT Frost 1/1; MONK Brewmaster 1/1; ROGUE Subtlety 1/1; WARLOCK Affliction 1/1,190,157,"Applied by 13 classes (DEATHKNIGHT, DEMONHUNTER, DRUID, EVOKER, HUNTER, MAGE, MONK, PALADIN, PRIEST, ROGUE, SHAMAN, WARLOCK, WARRIOR) with 190 applications / 157 players; not in any of their player-castable spell pools, so an item or consumable effect → Consumables (rule R8).",high,addition|consumables|ALL|drain shield|1237842,Rejected,I want to delete the consumables category altogether
R0570,1245025,Farstrider's Guile,addition,ALL,,consumables,MAGE Arcane 79/4; DEATHKNIGHT Unholy 26/1; MONK Mistweaver 24/1; WARRIOR Fury 21/1; WARLOCK Destruction 20/1; MAGE Frost 13/1; SHAMAN Enhancement 5/1; WARRIOR Arms 2/1,190,11,"Applied by 6 classes (DEATHKNIGHT, MAGE, MONK, SHAMAN, WARLOCK, WARRIOR) with 190 applications / 11 players; not in any of their player-castable spell pools, so an item or consumable effect → Consumables (rule R8).",high,addition|consumables|ALL|farstrider's guile|1245025,Rejected,I want to delete the consumables category altogether
R0571,1235110,Flask of the Blood Knights,addition,ALL,,consumables,PALADIN Protection 33/1; MONK Mistweaver 25/7; MAGE Arcane 19/12; DRUID Guardian 18/8; DEATHKNIGHT Blood 11/6; WARRIOR Arms 11/8; MONK Windwalker 9/7; WARLOCK Demonology 7/4; DEMONHUNTER Devourer 6/5; DRUID Restoration 6/4; EVOKER Preservation 5/4; ROGUE Assassination 4/3; WARLOCK Destruction 4/1; PALADIN Holy 3/3; PRIEST Discipline 3/2; DEATHKNIGHT Unholy 2/2; DRUID Feral 2/1; ROGUE Outlaw 2/2; SHAMAN Elemental 2/2; WARLOCK Affliction 2/1; WARRIOR Fury 2/2; WARRIOR Protection 2/2; DEATHKNIGHT Frost 1/1; DEMONHUNTER Vengeance 1/1; DRUID Balance 1/1; EVOKER Devastation 1/1; HUNTER Beast Mastery 1/1; HUNTER Marksmanship 1/1; MAGE Fire 1/1; MONK Brewmaster 1/1; PALADIN Retribution 1/1; PRIEST Holy 1/1; PRIEST Shadow 1/1,189,98,"Applied by 13 classes (DEATHKNIGHT, DEMONHUNTER, DRUID, EVOKER, HUNTER, MAGE, MONK, PALADIN, PRIEST, ROGUE, SHAMAN, WARLOCK, WARRIOR) with 189 applications / 98 players; not in any of their player-castable spell pools, so an item or consumable effect → Consumables (rule R8).",high,addition|consumables|ALL|flask of the blood knights|1235110,Rejected,I want to delete the consumables category altogether
R0572,389820,Under Red Wings,addition,ALL,,consumables,SHAMAN Restoration 62/3; WARRIOR Arms 25/2; DEMONHUNTER Devourer 19/4; WARLOCK Demonology 15/4; DEATHKNIGHT Blood 10/3; PALADIN Retribution 8/2; PRIEST Discipline 6/1; DRUID Balance 4/1; DRUID Guardian 4/1; HUNTER Beast Mastery 4/1; MAGE Arcane 4/2; SHAMAN Enhancement 4/1; DEATHKNIGHT Unholy 3/1; DEMONHUNTER Vengeance 3/2; DRUID Feral 3/1; EVOKER Preservation 3/1; PALADIN Holy 3/1; PALADIN Protection 2/1; PRIEST Holy 2/1; SHAMAN Elemental 2/1; DRUID Restoration 1/1; PRIEST Shadow 1/1; WARRIOR Fury 1/1,189,36,"Applied by 11 classes (DEATHKNIGHT, DEMONHUNTER, DRUID, EVOKER, HUNTER, MAGE, PALADIN, PRIEST, SHAMAN, WARLOCK, WARRIOR) with 189 applications / 36 players; not in any of their player-castable spell pools, so an item or consumable effect → Consumables (rule R8).",high,addition|consumables|ALL|under red wings|389820,Rejected,I want to delete the consumables category altogether
R0573,335150,Sign of the Destroyer,addition,ALL,,consumables,DEATHKNIGHT Blood 26/5; SHAMAN Restoration 18/3; DRUID Balance 17/3; HUNTER Beast Mastery 16/5; PALADIN Protection 14/3; PALADIN Holy 12/5; MAGE Arcane 11/9; PALADIN Retribution 9/8; MONK Mistweaver 8/4; MAGE Frost 7/3; DRUID Restoration 5/4; EVOKER Preservation 5/2; WARLOCK Demonology 5/5; WARRIOR Arms 5/5; DEMONHUNTER Devourer 4/2; MONK Windwalker 4/2; WARRIOR Protection 3/1; DEMONHUNTER Vengeance 2/2; PRIEST Holy 2/2; ROGUE Assassination 2/2; DEATHKNIGHT Frost 1/1; DEATHKNIGHT Unholy 1/1; DEMONHUNTER Havoc 1/1; DRUID Feral 1/1; HUNTER Marksmanship 1/1; PRIEST Shadow 1/1; ROGUE Subtlety 1/1; SHAMAN Elemental 1/1; WARRIOR Fury 1/1,184,84,"Applied by 13 classes (DEATHKNIGHT, DEMONHUNTER, DRUID, EVOKER, HUNTER, MAGE, MONK, PALADIN, PRIEST, ROGUE, SHAMAN, WARLOCK, WARRIOR) with 184 applications / 84 players; not in any of their player-castable spell pools, so an item or consumable effect → Consumables (rule R8).",high,addition|consumables|ALL|sign of the destroyer|335150,Rejected,I want to delete the consumables category altogether
R0574,71564,Deadly Precision,addition,ALL,,consumables,WARLOCK Destruction 46/1; MAGE Frost 34/6; MONK Mistweaver 31/1; WARLOCK Affliction 12/2; DEMONHUNTER Devourer 10/2; SHAMAN Restoration 10/2; EVOKER Augmentation 9/1; SHAMAN Elemental 8/2; PRIEST Shadow 7/1; DRUID Balance 6/1; EVOKER Devastation 5/1; WARLOCK Demonology 4/1,182,21,"Applied by 8 classes (DEMONHUNTER, DRUID, EVOKER, MAGE, MONK, PRIEST, SHAMAN, WARLOCK) with 182 applications / 21 players; not in any of their player-castable spell pools, so an item or consumable effect → Consumables (rule R8).",high,addition|consumables|ALL|deadly precision|71564,Rejected,I want to delete the consumables category altogether
R0575,1265323,Despair,addition,ALL,,consumables,DEATHKNIGHT Blood 45/2; DRUID Guardian 22/2; WARRIOR Protection 22/2; DEATHKNIGHT Frost 20/2; DEMONHUNTER Vengeance 17/2; DEATHKNIGHT Unholy 16/1; PALADIN Protection 14/1; PALADIN Retribution 11/3; MONK Brewmaster 7/1; WARRIOR Arms 6/1,180,16,"Applied by 6 classes (DEATHKNIGHT, DEMONHUNTER, DRUID, MONK, PALADIN, WARRIOR) with 180 applications / 16 players; not in any of their player-castable spell pools, so an item or consumable effect → Consumables (rule R8).",high,addition|consumables|ALL|despair|1265323,Rejected,I want to delete the consumables category altogether
R0576,1257988,Solar Core Igniter,addition,ALL,,consumables,DEATHKNIGHT Blood 90/4; PALADIN Protection 39/2; WARRIOR Protection 19/3; DEATHKNIGHT Unholy 10/1; MONK Brewmaster 6/3; WARRIOR Arms 6/1; DRUID Guardian 4/1; DEMONHUNTER Vengeance 3/1,177,16,"Applied by 6 classes (DEATHKNIGHT, DEMONHUNTER, DRUID, MONK, PALADIN, WARRIOR) with 177 applications / 16 players; not in any of their player-castable spell pools, so an item or consumable effect → Consumables (rule R8).",high,addition|consumables|ALL|solar core igniter|1257988,Rejected,I want to delete the consumables category altogether
R0577,1303479,Sanguine Rancor,addition,ALL,,consumables,DEMONHUNTER Havoc 67/1; ROGUE Subtlety 55/1; HUNTER Beast Mastery 51/1,173,3,"Applied by 3 classes (DEMONHUNTER, HUNTER, ROGUE) with 173 applications / 3 players; not in any of their player-castable spell pools, so an item or consumable effect → Consumables (rule R8).",high,addition|consumables|ALL|sanguine rancor|1303479,Rejected,I want to delete the consumables category altogether
R0578,1265327,Desecrated Aura,addition,ALL,,consumables,DEATHKNIGHT Blood 42/2; DEATHKNIGHT Frost 20/2; DRUID Guardian 20/2; DEMONHUNTER Vengeance 19/2; WARRIOR Protection 19/2; DEATHKNIGHT Unholy 15/1; PALADIN Retribution 12/3; PALADIN Protection 11/1; MONK Brewmaster 7/1; WARRIOR Arms 3/1,168,16,"Applied by 6 classes (DEATHKNIGHT, DEMONHUNTER, DRUID, MONK, PALADIN, WARRIOR) with 168 applications / 16 players; not in any of their player-castable spell pools, so an item or consumable effect → Consumables (rule R8).",high,addition|consumables|ALL|desecrated aura|1265327,Rejected,I want to delete the consumables category altogether
R0579,1259352,Seed of the Devouring Wild,addition,ALL,,consumables,DEATHKNIGHT Unholy 55/3; WARRIOR Arms 37/3; DEATHKNIGHT Blood 30/4; PALADIN Retribution 24/3; PALADIN Protection 12/2; DEATHKNIGHT Frost 10/1,168,16,"Applied by 3 classes (DEATHKNIGHT, PALADIN, WARRIOR) with 168 applications / 16 players; not in any of their player-castable spell pools, so an item or consumable effect → Consumables (rule R8).",high,addition|consumables|ALL|seed of the devouring wild|1259352,Rejected,I want to delete the consumables category altogether
R0580,1236110,Charged Bolts,addition,ALL,,consumables,DEMONHUNTER Devourer 54/2; MAGE Arcane 35/1; DEATHKNIGHT Frost 27/1; EVOKER Augmentation 27/1; PRIEST Holy 22/1,165,6,"Applied by 5 classes (DEATHKNIGHT, DEMONHUNTER, EVOKER, MAGE, PRIEST) with 165 applications / 6 players; not in any of their player-castable spell pools, so an item or consumable effect → Consumables (rule R8).",high,addition|consumables|ALL|charged bolts|1236110,Rejected,I want to delete the consumables category altogether
R0581,1224312,Entertained,addition,ALL,,consumables,MONK Mistweaver 29/3; MAGE Arcane 25/4; DEATHKNIGHT Blood 20/3; DEMONHUNTER Devourer 15/2; WARRIOR Arms 15/3; DRUID Restoration 10/1; PALADIN Holy 10/2; PRIEST Holy 10/1; WARLOCK Destruction 10/1; EVOKER Preservation 5/1; HUNTER Marksmanship 5/1; PALADIN Protection 5/1; ROGUE Assassination 5/1,164,24,"Applied by 12 classes (DEATHKNIGHT, DEMONHUNTER, DRUID, EVOKER, HUNTER, MAGE, MONK, PALADIN, PRIEST, ROGUE, WARLOCK, WARRIOR) with 164 applications / 24 players; not in any of their player-castable spell pools, so an item or consumable effect → Consumables (rule R8).",high,addition|consumables|ALL|entertained|1224312,Rejected,I want to delete the consumables category altogether
R0582,271107,Golden Luster,addition,ALL,,consumables,HUNTER Beast Mastery 79/5; ROGUE Outlaw 23/2; ROGUE Assassination 15/2; DRUID Guardian 14/2; DEMONHUNTER Vengeance 8/1; HUNTER Marksmanship 8/1; MONK Windwalker 5/1,152,14,"Applied by 5 classes (DEMONHUNTER, DRUID, HUNTER, MONK, ROGUE) with 152 applications / 14 players; not in any of their player-castable spell pools, so an item or consumable effect → Consumables (rule R8).",high,addition|consumables|ALL|golden luster|271107,Rejected,I want to delete the consumables category altogether
R0583,1236935,Critical Overload,addition,ALL,,consumables,DEATHKNIGHT Unholy 31/1; MAGE Arcane 31/1; PALADIN Protection 27/1; EVOKER Devastation 22/1; HUNTER Marksmanship 22/1; DEATHKNIGHT Frost 15/1,148,6,"Applied by 5 classes (DEATHKNIGHT, EVOKER, HUNTER, MAGE, PALADIN) with 148 applications / 6 players; not in any of their player-castable spell pools, so an item or consumable effect → Consumables (rule R8).",high,addition|consumables|ALL|critical overload|1236935,Rejected,I want to delete the consumables category altogether
R0584,1291580,Ophidian Maw,addition,ALL,,consumables,PALADIN Protection 55/5; MONK Mistweaver 26/1; DEATHKNIGHT Blood 14/3; MAGE Arcane 7/6; PALADIN Retribution 4/3; DEATHKNIGHT Frost 2/2; DEMONHUNTER Devourer 2/1; DEMONHUNTER Vengeance 2/1; EVOKER Devastation 2/1; HUNTER Beast Mastery 2/2; PALADIN Holy 2/2; PRIEST Holy 2/2; WARLOCK Demonology 2/1; WARRIOR Arms 2/2; DEATHKNIGHT Unholy 1/1; DEMONHUNTER Havoc 1/1; DRUID Balance 1/1; DRUID Restoration 1/1; EVOKER Preservation 1/1; HUNTER Survival 1/1; MAGE Fire 1/1; MONK Windwalker 1/1,132,40,"Applied by 11 classes (DEATHKNIGHT, DEMONHUNTER, DRUID, EVOKER, HUNTER, MAGE, MONK, PALADIN, PRIEST, WARLOCK, WARRIOR) with 132 applications / 40 players; not in any of their player-castable spell pools, so an item or consumable effect → Consumables (rule R8).",high,addition|consumables|ALL|ophidian maw|1291580,Rejected,I want to delete the consumables category altogether
R0585,1232585,Well Fed,addition,ALL,,consumables,DEATHKNIGHT Blood 17/3; SHAMAN Restoration 11/1; PALADIN Retribution 9/6; DEMONHUNTER Havoc 8/5; PALADIN Protection 8/4; MONK Mistweaver 7/3; WARRIOR Protection 7/3; DEATHKNIGHT Unholy 6/5; HUNTER Beast Mastery 6/4; PRIEST Holy 5/5; WARLOCK Demonology 5/3; WARLOCK Destruction 5/2; DRUID Restoration 4/4; MAGE Frost 4/4; DEMONHUNTER Devourer 3/3; DEATHKNIGHT Frost 2/2; DEMONHUNTER Vengeance 2/2; DRUID Balance 2/2; DRUID Feral 2/1; DRUID Guardian 2/1; MAGE Arcane 2/1; MONK Windwalker 2/2; PALADIN Holy 2/2; WARRIOR Arms 2/2; WARRIOR Fury 2/2; EVOKER Augmentation 1/1; EVOKER Preservation 1/1; HUNTER Marksmanship 1/1; HUNTER Survival 1/1; MONK Brewmaster 1/1; SHAMAN Enhancement 1/1,131,78,"Applied by 12 classes (DEATHKNIGHT, DEMONHUNTER, DRUID, EVOKER, HUNTER, MAGE, MONK, PALADIN, PRIEST, SHAMAN, WARLOCK, WARRIOR) with 131 applications / 78 players; not in any of their player-castable spell pools, so an item or consumable effect → Consumables (rule R8).",high,addition|consumables|ALL|well fed|1232585,Rejected,I want to delete the consumables category altogether
R0586,186401,Sign of the Skirmisher,addition,ALL,,consumables,SHAMAN Restoration 16/2; DEATHKNIGHT Blood 14/3; PALADIN Protection 12/6; DEMONHUNTER Devourer 9/5; DEATHKNIGHT Unholy 7/4; PALADIN Retribution 7/4; SHAMAN Elemental 6/4; HUNTER Survival 5/1; PRIEST Discipline 5/2; MAGE Arcane 4/3; WARRIOR Fury 4/4; DEATHKNIGHT Frost 3/3; EVOKER Augmentation 3/2; HUNTER Beast Mastery 3/3; MAGE Frost 3/2; WARLOCK Demonology 3/3; WARRIOR Arms 3/2; WARRIOR Protection 3/1; DRUID Guardian 2/2; PALADIN Holy 2/2; ROGUE Assassination 2/1; DEMONHUNTER Havoc 1/1; DEMONHUNTER Vengeance 1/1; DRUID Balance 1/1; DRUID Restoration 1/1; EVOKER Preservation 1/1; HUNTER Marksmanship 1/1; MONK Brewmaster 1/1; MONK Windwalker 1/1; ROGUE Outlaw 1/1; ROGUE Subtlety 1/1; WARLOCK Destruction 1/1,127,68,"Applied by 13 classes (DEATHKNIGHT, DEMONHUNTER, DRUID, EVOKER, HUNTER, MAGE, MONK, PALADIN, PRIEST, ROGUE, SHAMAN, WARLOCK, WARRIOR) with 127 applications / 68 players; not in any of their player-castable spell pools, so an item or consumable effect → Consumables (rule R8).",high,addition|consumables|ALL|sign of the skirmisher|186401,Rejected,I want to delete the consumables category altogether
R0587,452146,Egg Sac,addition,ALL,,consumables,DRUID Restoration 67/1; PALADIN Retribution 14/1; PRIEST Holy 12/1; DEMONHUNTER Devourer 9/1; WARLOCK Demonology 8/1; WARRIOR Fury 8/1; DEATHKNIGHT Blood 7/1,125,7,"Applied by 7 classes (DEATHKNIGHT, DEMONHUNTER, DRUID, PALADIN, PRIEST, WARLOCK, WARRIOR) with 125 applications / 7 players; not in any of their player-castable spell pools, so an item or consumable effect → Consumables (rule R8).",high,addition|consumables|ALL|egg sac|452146,Rejected,I want to delete the consumables category altogether
R0588,1269633,Echo of Ironfur,addition,DRUID,,consumables,Guardian 125/16,125,16,"not in the player-castable spell pool, so an item or consumable effect → Consumables (rule R8).",high,addition|consumables|DRUID|echo of ironfur|1269633,Rejected,I want to delete the consumables category altogether
R0589,1308559,Shadow Shard Sliver,addition,ALL,,consumables,PALADIN Retribution 45/4; MAGE Arcane 18/1; WARRIOR Fury 14/1; DEATHKNIGHT Blood 13/1; DRUID Balance 12/1; DEMONHUNTER Havoc 7/1; HUNTER Beast Mastery 7/1; PRIEST Shadow 5/1; SHAMAN Elemental 3/1,124,12,"Applied by 9 classes (DEATHKNIGHT, DEMONHUNTER, DRUID, HUNTER, MAGE, PALADIN, PRIEST, SHAMAN, WARRIOR) with 124 applications / 12 players; not in any of their player-castable spell pools, so an item or consumable effect → Consumables (rule R8).",high,addition|consumables|ALL|shadow shard sliver|1308559,Rejected,I want to delete the consumables category altogether
R0590,383926,Bound by Fire and Blaze,addition,ALL,,consumables,PALADIN Retribution 69/5; WARRIOR Arms 19/2; PALADIN Protection 14/1; DEATHKNIGHT Blood 12/3; DEATHKNIGHT Frost 4/1,118,12,"Applied by 3 classes (DEATHKNIGHT, PALADIN, WARRIOR) with 118 applications / 12 players; not in any of their player-castable spell pools, so an item or consumable effect → Consumables (rule R8).",high,addition|consumables|ALL|bound by fire and blaze|383926,Rejected,I want to delete the consumables category altogether
R0591,1305981,Sign of the Dragonflights,addition,ALL,,consumables,MAGE Frost 15/4; DRUID Guardian 13/5; WARLOCK Destruction 13/1; HUNTER Beast Mastery 11/3; WARRIOR Arms 8/3; SHAMAN Restoration 7/4; MONK Windwalker 6/2; PRIEST Discipline 6/2; DRUID Restoration 5/2; PALADIN Protection 4/3; SHAMAN Elemental 4/2; WARLOCK Demonology 4/3; WARRIOR Fury 4/1; HUNTER Marksmanship 3/2; DEATHKNIGHT Blood 2/2; DEATHKNIGHT Frost 2/2; DRUID Balance 2/1; HUNTER Survival 2/1; MONK Mistweaver 2/2; DEMONHUNTER Vengeance 1/1; PALADIN Holy 1/1; PALADIN Retribution 1/1; SHAMAN Enhancement 1/1; WARRIOR Protection 1/1,118,50,"Applied by 11 classes (DEATHKNIGHT, DEMONHUNTER, DRUID, HUNTER, MAGE, MONK, PALADIN, PRIEST, SHAMAN, WARLOCK, WARRIOR) with 118 applications / 50 players; not in any of their player-castable spell pools, so an item or consumable effect → Consumables (rule R8).",high,addition|consumables|ALL|sign of the dragonflights|1305981,Rejected,I want to delete the consumables category altogether
R0592,223143,Prismatic Bauble,addition,ALL,,consumables,DEMONHUNTER Havoc 23/2; PALADIN Protection 18/2; PRIEST Shadow 17/2; MONK Windwalker 13/2; PRIEST Holy 12/1; WARLOCK Demonology 11/2; MAGE Arcane 8/1; DRUID Balance 5/1; DRUID Feral 3/1; MAGE Frost 3/1; DEMONHUNTER Devourer 1/1; WARRIOR Arms 1/1,115,17,"Applied by 8 classes (DEMONHUNTER, DRUID, MAGE, MONK, PALADIN, PRIEST, WARLOCK, WARRIOR) with 115 applications / 17 players; not in any of their player-castable spell pools, so an item or consumable effect → Consumables (rule R8).",high,addition|consumables|ALL|prismatic bauble|223143,Rejected,I want to delete the consumables category altogether
R0593,1307361,Killer Instincts,addition,ALL,,consumables,PALADIN Retribution 50/1; WARRIOR Arms 49/1; DEATHKNIGHT Frost 14/1,113,3,"Applied by 3 classes (DEATHKNIGHT, PALADIN, WARRIOR) with 113 applications / 3 players; not in any of their player-castable spell pools, so an item or consumable effect → Consumables (rule R8).",high,addition|consumables|ALL|killer instincts|1307361,Rejected,I want to delete the consumables category altogether
R0594,1253114,Ever-collapsing Void Fissure,addition,ALL,,consumables,DEMONHUNTER Devourer 37/3; PRIEST Holy 13/1; WARLOCK Destruction 11/1; DRUID Balance 10/1; MAGE Arcane 9/2; WARLOCK Demonology 9/1; DEMONHUNTER Vengeance 6/1; EVOKER Devastation 6/1; MAGE Fire 6/1; SHAMAN Elemental 5/1,112,12,"Applied by 7 classes (DEMONHUNTER, DRUID, EVOKER, MAGE, PRIEST, SHAMAN, WARLOCK) with 112 applications / 12 players; not in any of their player-castable spell pools, so an item or consumable effect → Consumables (rule R8).",high,addition|consumables|ALL|ever-collapsing void fissure|1253114,Rejected,I want to delete the consumables category altogether
R0595,1260572,Siphoning Wind,addition,ALL,,consumables,DEATHKNIGHT Blood 12/3; DEATHKNIGHT Unholy 8/8; MAGE Frost 8/8; SHAMAN Elemental 7/6; DEMONHUNTER Devourer 6/5; DRUID Restoration 5/1; PALADIN Protection 5/4; PALADIN Retribution 5/4; SHAMAN Restoration 5/3; DEMONHUNTER Havoc 4/3; HUNTER Beast Mastery 4/4; PALADIN Holy 4/4; WARLOCK Demonology 4/4; MONK Brewmaster 3/3; WARLOCK Destruction 3/1; WARRIOR Arms 3/3; WARRIOR Protection 3/3; DEMONHUNTER Vengeance 2/2; DRUID Guardian 2/2; EVOKER Preservation 2/2; MAGE Arcane 2/2; MONK Mistweaver 2/2; ROGUE Assassination 2/2; SHAMAN Enhancement 2/2; DEATHKNIGHT Frost 1/1; DRUID Balance 1/1; DRUID Feral 1/1; EVOKER Devastation 1/1; MONK Windwalker 1/1; PRIEST Discipline 1/1; PRIEST Holy 1/1; WARRIOR Fury 1/1,111,87,"Applied by 13 classes (DEATHKNIGHT, DEMONHUNTER, DRUID, EVOKER, HUNTER, MAGE, MONK, PALADIN, PRIEST, ROGUE, SHAMAN, WARLOCK, WARRIOR) with 111 applications / 87 players; not in any of their player-castable spell pools, so an item or consumable effect → Consumables (rule R8).",high,addition|consumables|ALL|siphoning wind|1260572,Rejected,I want to delete the consumables category altogether
R0596,1269645,Echo of Frenzied Regeneration,addition,DRUID,,consumables,Guardian 109/14,109,14,"not in the player-castable spell pool, so an item or consumable effect → Consumables (rule R8).",high,addition|consumables|DRUID|echo of frenzied regeneration|1269645,Rejected,I want to delete the consumables category altogether
R0597,1252202,Boon of Azerothian Blessings,addition,ALL,,consumables,MONK Brewmaster 50/2; MAGE Arcane 24/1; WARLOCK Demonology 18/2; PRIEST Shadow 15/1,107,6,"Applied by 4 classes (MAGE, MONK, PRIEST, WARLOCK) with 107 applications / 6 players; not in any of their player-castable spell pools, so an item or consumable effect → Consumables (rule R8).",high,addition|consumables|ALL|boon of azerothian blessings|1252202,Rejected,I want to delete the consumables category altogether
R0598,1272350,Blessing of Zeal,addition,ALL,,consumables,DEATHKNIGHT Blood 18/2; PALADIN Holy 16/3; SHAMAN Restoration 14/4; HUNTER Beast Mastery 8/3; PALADIN Protection 6/3; WARLOCK Demonology 6/3; PALADIN Retribution 5/3; DEMONHUNTER Havoc 4/2; WARRIOR Protection 4/2; DEATHKNIGHT Unholy 3/3; DRUID Guardian 3/1; DEATHKNIGHT Frost 2/2; DEMONHUNTER Devourer 2/2; DEMONHUNTER Vengeance 2/2; HUNTER Marksmanship 2/2; SHAMAN Elemental 2/2; DRUID Balance 1/1; EVOKER Preservation 1/1; MAGE Frost 1/1; PRIEST Holy 1/1; PRIEST Shadow 1/1; ROGUE Assassination 1/1; WARRIOR Fury 1/1,104,44,"Applied by 12 classes (DEATHKNIGHT, DEMONHUNTER, DRUID, EVOKER, HUNTER, MAGE, PALADIN, PRIEST, ROGUE, SHAMAN, WARLOCK, WARRIOR) with 104 applications / 44 players; not in any of their player-castable spell pools, so an item or consumable effect → Consumables (rule R8).",high,addition|consumables|ALL|blessing of zeal|1272350,Rejected,I want to delete the consumables category altogether
R0599,1296890,Ophidian Bone Whistle,addition,ALL,,consumables,PALADIN Protection 93/1; ROGUE Outlaw 5/1; DEATHKNIGHT Unholy 3/1; HUNTER Beast Mastery 2/1; ROGUE Assassination 1/1,104,5,"Applied by 4 classes (DEATHKNIGHT, HUNTER, PALADIN, ROGUE) with 104 applications / 5 players; not in any of their player-castable spell pools, so an item or consumable effect → Consumables (rule R8).",high,addition|consumables|ALL|ophidian bone whistle|1296890,Rejected,I want to delete the consumables category altogether
R0600,186406,Sign of the Critter,addition,ALL,,consumables,DEATHKNIGHT Blood 17/2; SHAMAN Restoration 16/1; MAGE Frost 9/4; EVOKER Preservation 6/3; PALADIN Retribution 6/5; DRUID Restoration 5/3; MONK Mistweaver 5/2; DEMONHUNTER Devourer 4/2; DEMONHUNTER Havoc 4/3; WARLOCK Demonology 4/3; DRUID Feral 3/1; HUNTER Beast Mastery 3/3; MAGE Arcane 3/2; PALADIN Holy 3/2; SHAMAN Elemental 3/3; DEATHKNIGHT Unholy 2/2; WARLOCK Destruction 2/1; DEMONHUNTER Vengeance 1/1; DRUID Balance 1/1; DRUID Guardian 1/1; HUNTER Survival 1/1; MONK Brewmaster 1/1; MONK Windwalker 1/1; PRIEST Holy 1/1; PRIEST Shadow 1/1; ROGUE Subtlety 1/1,104,51,"Applied by 12 classes (DEATHKNIGHT, DEMONHUNTER, DRUID, EVOKER, HUNTER, MAGE, MONK, PALADIN, PRIEST, ROGUE, SHAMAN, WARLOCK) with 104 applications / 51 players; not in any of their player-castable spell pools, so an item or consumable effect → Consumables (rule R8).",high,addition|consumables|ALL|sign of the critter|186406,Rejected,I want to delete the consumables category altogether
R0601,1305773,Ward of the Uncoiled,addition,ALL,,consumables,PALADIN Holy 23/5; SHAMAN Restoration 14/2; MAGE Arcane 13/6; HUNTER Beast Mastery 10/3; PALADIN Retribution 6/5; PRIEST Shadow 4/3; DEATHKNIGHT Blood 3/3; DEATHKNIGHT Frost 3/3; PALADIN Protection 3/3; WARLOCK Demonology 3/3; DEATHKNIGHT Unholy 2/2; DEMONHUNTER Devourer 2/2; MONK Windwalker 2/2; PRIEST Discipline 2/1; PRIEST Holy 2/2; ROGUE Assassination 2/2; DEMONHUNTER Vengeance 1/1; DRUID Guardian 1/1; DRUID Restoration 1/1; EVOKER Preservation 1/1; MONK Mistweaver 1/1; ROGUE Outlaw 1/1; SHAMAN Elemental 1/1,101,53,"Applied by 12 classes (DEATHKNIGHT, DEMONHUNTER, DRUID, EVOKER, HUNTER, MAGE, MONK, PALADIN, PRIEST, ROGUE, SHAMAN, WARLOCK) with 101 applications / 53 players; not in any of their player-castable spell pools, so an item or consumable effect → Consumables (rule R8).",high,addition|consumables|ALL|ward of the uncoiled|1305773,Rejected,I want to delete the consumables category altogether
R0602,1269659,Gift of Ironfur,addition,DRUID,,consumables,Guardian 101/15,101,15,"not in the player-castable spell pool, so an item or consumable effect → Consumables (rule R8).",high,addition|consumables|DRUID|gift of ironfur|1269659,Rejected,I want to delete the consumables category altogether
R0603,1269660,Gift of Maul,addition,DRUID,,consumables,Guardian 101/15,101,15,"not in the player-castable spell pool, so an item or consumable effect → Consumables (rule R8).",high,addition|consumables|DRUID|gift of maul|1269660,Rejected,I want to delete the consumables category altogether
R0604,1269661,Gift of Frenzied Regeneration,addition,DRUID,,consumables,Guardian 100/15,100,15,"not in the player-castable spell pool, so an item or consumable effect → Consumables (rule R8).",high,addition|consumables|DRUID|gift of frenzied regeneration|1269661,Rejected,I want to delete the consumables category altogether
R0605,449091,Keen Prowess,addition,ALL,,consumables,PALADIN Protection 33/2; HUNTER Survival 28/1; DRUID Guardian 22/1; WARLOCK Demonology 15/1,98,5,"Applied by 4 classes (DRUID, HUNTER, PALADIN, WARLOCK) with 98 applications / 5 players; not in any of their player-castable spell pools, so an item or consumable effect → Consumables (rule R8).",high,addition|consumables|ALL|keen prowess|449091,Rejected,I want to delete the consumables category altogether
R0606,1294727,Well Fed,addition,ALL,,consumables,HUNTER Survival 10/3; DEATHKNIGHT Blood 9/4; HUNTER Beast Mastery 8/5; PALADIN Retribution 8/5; WARRIOR Arms 8/4; WARLOCK Demonology 6/4; DRUID Guardian 5/2; MAGE Frost 5/3; MAGE Arcane 4/3; SHAMAN Elemental 4/3; DEATHKNIGHT Frost 3/1; DEATHKNIGHT Unholy 3/3; DEMONHUNTER Havoc 3/3; HUNTER Marksmanship 3/1; PALADIN Protection 3/3; DEMONHUNTER Devourer 2/2; PRIEST Discipline 2/1; PRIEST Shadow 2/1; DEMONHUNTER Vengeance 1/1; DRUID Balance 1/1; DRUID Feral 1/1; EVOKER Devastation 1/1; EVOKER Preservation 1/1; PALADIN Holy 1/1; SHAMAN Enhancement 1/1; SHAMAN Restoration 1/1; WARRIOR Fury 1/1,97,60,"Applied by 11 classes (DEATHKNIGHT, DEMONHUNTER, DRUID, EVOKER, HUNTER, MAGE, PALADIN, PRIEST, SHAMAN, WARLOCK, WARRIOR) with 97 applications / 60 players; not in any of their player-castable spell pools, so an item or consumable effect → Consumables (rule R8).",high,addition|consumables|ALL|well fed|1294727,Rejected,I want to delete the consumables category altogether
R0607,1233724,Hearty Well Fed,addition,ALL,,consumables,WARLOCK Demonology 9/4; PALADIN Retribution 8/6; DRUID Restoration 7/2; HUNTER Beast Mastery 6/5; SHAMAN Elemental 6/4; DEMONHUNTER Devourer 5/3; MAGE Arcane 5/3; DEATHKNIGHT Unholy 4/4; EVOKER Augmentation 4/1; HUNTER Marksmanship 4/2; PALADIN Holy 4/4; DEATHKNIGHT Frost 3/3; DRUID Balance 3/2; DRUID Feral 3/2; MAGE Frost 3/3; DEATHKNIGHT Blood 2/2; DEMONHUNTER Havoc 2/2; EVOKER Devastation 2/2; HUNTER Survival 2/2; MONK Brewmaster 2/1; MONK Mistweaver 2/2; PALADIN Protection 2/2; ROGUE Assassination 2/2; DRUID Guardian 1/1; MONK Windwalker 1/1; PRIEST Discipline 1/1; ROGUE Outlaw 1/1; WARRIOR Arms 1/1,95,68,"Applied by 13 classes (DEATHKNIGHT, DEMONHUNTER, DRUID, EVOKER, HUNTER, MAGE, MONK, PALADIN, PRIEST, ROGUE, SHAMAN, WARLOCK, WARRIOR) with 95 applications / 68 players; not in any of their player-castable spell pools, so an item or consumable effect → Consumables (rule R8).",high,addition|consumables|ALL|hearty well fed|1233724,Rejected,I want to delete the consumables category altogether
R0608,1243843,Mite-y Feast,addition,ALL,,consumables,WARLOCK Demonology 33/2; MAGE Frost 25/2; EVOKER Devastation 18/1; PRIEST Shadow 17/1,93,6,"Applied by 4 classes (EVOKER, MAGE, PRIEST, WARLOCK) with 93 applications / 6 players; not in any of their player-castable spell pools, so an item or consumable effect → Consumables (rule R8).",high,addition|consumables|ALL|mite-y feast|1243843,Rejected,I want to delete the consumables category altogether
R0609,1295275,The King's Unyielding Wind,addition,ALL,,consumables,MAGE Arcane 24/4; SHAMAN Elemental 18/1; WARLOCK Affliction 12/1; DRUID Balance 11/1; WARLOCK Demonology 11/3; DEMONHUNTER Devourer 7/1; PRIEST Holy 6/1; MONK Mistweaver 3/1,92,13,"Applied by 7 classes (DEMONHUNTER, DRUID, MAGE, MONK, PRIEST, SHAMAN, WARLOCK) with 92 applications / 13 players; not in any of their player-castable spell pools, so an item or consumable effect → Consumables (rule R8).",high,addition|consumables|ALL|the king's unyielding wind|1295275,Rejected,I want to delete the consumables category altogether
R0610,274739,Rictus of the Laughing Skull,addition,ALL,,consumables,WARRIOR Protection 22/4; DEATHKNIGHT Unholy 13/3; SHAMAN Elemental 13/4; DEATHKNIGHT Blood 10/3; MONK Windwalker 6/2; HUNTER Survival 5/1; MONK Mistweaver 5/1; ROGUE Assassination 5/1; WARLOCK Affliction 5/1; WARRIOR Arms 4/1; MONK Brewmaster 2/1; HUNTER Beast Mastery 1/1,91,23,"Applied by 7 classes (DEATHKNIGHT, HUNTER, MONK, ROGUE, SHAMAN, WARLOCK, WARRIOR) with 91 applications / 23 players; not in any of their player-castable spell pools, so an item or consumable effect → Consumables (rule R8).",high,addition|consumables|ALL|rictus of the laughing skull|274739,Rejected,I want to delete the consumables category altogether
R0611,1244029,Woven Fate,addition,ALL,,consumables,DEMONHUNTER Devourer 58/5; MONK Brewmaster 12/1; SHAMAN Elemental 11/1; PRIEST Holy 10/1,91,8,"Applied by 4 classes (DEMONHUNTER, MONK, PRIEST, SHAMAN) with 91 applications / 8 players; not in any of their player-castable spell pools, so an item or consumable effect → Consumables (rule R8).",high,addition|consumables|ALL|woven fate|1244029,Rejected,I want to delete the consumables category altogether
R0612,1272713,Sentinel's Blessing,addition,ALL,,consumables,SHAMAN Restoration 30/2; DEATHKNIGHT Blood 18/3; HUNTER Beast Mastery 5/3; SHAMAN Elemental 5/5; MONK Windwalker 4/2; WARLOCK Demonology 4/2; DRUID Restoration 3/2; PALADIN Retribution 3/3; DEMONHUNTER Havoc 2/1; MONK Brewmaster 2/2; PALADIN Holy 2/2; PRIEST Discipline 2/2; ROGUE Subtlety 2/2; DEATHKNIGHT Unholy 1/1; PALADIN Protection 1/1; ROGUE Assassination 1/1; WARLOCK Affliction 1/1; WARLOCK Destruction 1/1; WARRIOR Arms 1/1; WARRIOR Protection 1/1,89,37,"Applied by 11 classes (DEATHKNIGHT, DEMONHUNTER, DRUID, HUNTER, MONK, PALADIN, PRIEST, ROGUE, SHAMAN, WARLOCK, WARRIOR) with 89 applications / 37 players; not in any of their player-castable spell pools, so an item or consumable effect → Consumables (rule R8).",high,addition|consumables|ALL|sentinel's blessing|1272713,Rejected,I want to delete the consumables category altogether
R0613,225788,Sign of the Emissary,addition,ALL,,consumables,SHAMAN Restoration 12/3; MAGE Frost 11/5; DEATHKNIGHT Blood 10/1; WARRIOR Protection 8/3; PALADIN Protection 7/1; WARLOCK Demonology 7/3; DRUID Restoration 6/2; DEMONHUNTER Devourer 5/5; HUNTER Beast Mastery 4/3; PALADIN Retribution 4/3; EVOKER Preservation 3/1; PRIEST Shadow 2/2; DEATHKNIGHT Frost 1/1; DEATHKNIGHT Unholy 1/1; DEMONHUNTER Vengeance 1/1; DRUID Balance 1/1; DRUID Guardian 1/1; PALADIN Holy 1/1; SHAMAN Elemental 1/1; WARLOCK Destruction 1/1; WARRIOR Arms 1/1; WARRIOR Fury 1/1,89,42,"Applied by 11 classes (DEATHKNIGHT, DEMONHUNTER, DRUID, EVOKER, HUNTER, MAGE, PALADIN, PRIEST, SHAMAN, WARLOCK, WARRIOR) with 89 applications / 42 players; not in any of their player-castable spell pools, so an item or consumable effect → Consumables (rule R8).",high,addition|consumables|ALL|sign of the emissary|225788,Rejected,I want to delete the consumables category altogether
R0614,1247578,Halazzi's Swiftness,addition,ALL,,consumables,MAGE Arcane 30/1; SHAMAN Enhancement 28/1; DRUID Balance 16/1; DEMONHUNTER Havoc 14/1,88,4,"Applied by 4 classes (DEMONHUNTER, DRUID, MAGE, SHAMAN) with 88 applications / 4 players; not in any of their player-castable spell pools, so an item or consumable effect → Consumables (rule R8).",high,addition|consumables|ALL|halazzi's swiftness|1247578,Rejected,I want to delete the consumables category altogether
R0615,1216737,Interrogate,addition,ALL,,consumables,HUNTER Beast Mastery 10/4; MONK Mistweaver 10/2; PALADIN Holy 8/5; DEMONHUNTER Devourer 7/4; MAGE Arcane 6/4; SHAMAN Restoration 6/3; PALADIN Retribution 5/3; DRUID Restoration 4/2; DEATHKNIGHT Blood 3/3; DRUID Balance 3/1; EVOKER Preservation 3/1; HUNTER Marksmanship 3/1; PALADIN Protection 3/2; ROGUE Assassination 3/1; SHAMAN Elemental 3/1; WARRIOR Arms 3/2; DEMONHUNTER Havoc 2/2; DRUID Guardian 1/1; PRIEST Shadow 1/1; ROGUE Outlaw 1/1; SHAMAN Enhancement 1/1; WARLOCK Demonology 1/1; WARRIOR Protection 1/1,88,47,"Applied by 13 classes (DEATHKNIGHT, DEMONHUNTER, DRUID, EVOKER, HUNTER, MAGE, MONK, PALADIN, PRIEST, ROGUE, SHAMAN, WARLOCK, WARRIOR) with 88 applications / 47 players; not in any of their player-castable spell pools, so an item or consumable effect → Consumables (rule R8).",high,addition|consumables|ALL|interrogate|1216737,Rejected,I want to delete the consumables category altogether
R0616,1294745,The King's Unyielding Wind,addition,ALL,,consumables,MAGE Arcane 24/4; SHAMAN Elemental 18/1; WARLOCK Affliction 12/1; DRUID Balance 10/1; WARLOCK Demonology 10/2; DEMONHUNTER Devourer 7/1; PRIEST Holy 6/1; MONK Mistweaver 1/1,88,12,"Applied by 7 classes (DEMONHUNTER, DRUID, MAGE, MONK, PRIEST, SHAMAN, WARLOCK) with 88 applications / 12 players; not in any of their player-castable spell pools, so an item or consumable effect → Consumables (rule R8).",high,addition|consumables|ALL|the king's unyielding wind|1294745,Rejected,I want to delete the consumables category altogether
R0617,1241289,Arcanoweave Audacity,addition,ALL,,consumables,MAGE Frost 45/2; PRIEST Holy 40/1,85,3,"Applied by 2 classes (MAGE, PRIEST) with 85 applications / 3 players; not in any of their player-castable spell pools, so an item or consumable effect → Consumables (rule R8).",high,addition|consumables|ALL|arcanoweave audacity|1241289,Rejected,I want to delete the consumables category altogether
R0618,335151,Sign of the Mists,addition,ALL,,consumables,PALADIN Retribution 10/6; DEATHKNIGHT Blood 8/2; SHAMAN Elemental 7/3; SHAMAN Restoration 6/1; MAGE Frost 5/5; HUNTER Survival 4/2; PALADIN Protection 4/1; HUNTER Beast Mastery 3/1; MONK Mistweaver 3/2; PALADIN Holy 3/3; WARLOCK Affliction 3/2; DEMONHUNTER Devourer 2/2; DEMONHUNTER Havoc 2/2; DRUID Guardian 2/2; DRUID Restoration 2/1; MONK Brewmaster 2/2; PRIEST Holy 2/2; PRIEST Shadow 2/1; SHAMAN Enhancement 2/2; WARLOCK Demonology 2/1; DEATHKNIGHT Unholy 1/1; DRUID Balance 1/1; HUNTER Marksmanship 1/1; MAGE Arcane 1/1; PRIEST Discipline 1/1; ROGUE Subtlety 1/1; WARLOCK Destruction 1/1; WARRIOR Arms 1/1; WARRIOR Fury 1/1,83,51,"Applied by 12 classes (DEATHKNIGHT, DEMONHUNTER, DRUID, HUNTER, MAGE, MONK, PALADIN, PRIEST, ROGUE, SHAMAN, WARLOCK, WARRIOR) with 83 applications / 51 players; not in any of their player-castable spell pools, so an item or consumable effect → Consumables (rule R8).",high,addition|consumables|ALL|sign of the mists|335151,Rejected,I want to delete the consumables category altogether
R0619,1263084,Toggle Find Lumber,addition,ALL,,consumables,HUNTER Beast Mastery 11/7; DRUID Restoration 9/4; PALADIN Retribution 7/5; MAGE Arcane 6/5; MAGE Frost 5/4; SHAMAN Elemental 5/3; WARLOCK Demonology 5/2; DRUID Feral 3/2; EVOKER Augmentation 3/1; SHAMAN Restoration 3/1; WARLOCK Affliction 3/2; DEATHKNIGHT Blood 2/2; DEMONHUNTER Devourer 2/1; PRIEST Holy 2/2; ROGUE Assassination 2/2; DEATHKNIGHT Unholy 1/1; DEMONHUNTER Havoc 1/1; DRUID Balance 1/1; DRUID Guardian 1/1; HUNTER Marksmanship 1/1; HUNTER Survival 1/1; MONK Brewmaster 1/1; MONK Windwalker 1/1; PALADIN Holy 1/1; PALADIN Protection 1/1; PRIEST Discipline 1/1; SHAMAN Enhancement 1/1; WARRIOR Arms 1/1; WARRIOR Fury 1/1,82,56,"Applied by 13 classes (DEATHKNIGHT, DEMONHUNTER, DRUID, EVOKER, HUNTER, MAGE, MONK, PALADIN, PRIEST, ROGUE, SHAMAN, WARLOCK, WARRIOR) with 82 applications / 56 players; not in any of their player-castable spell pools, so an item or consumable effect → Consumables (rule R8).",high,addition|consumables|ALL|toggle find lumber|1263084,Rejected,I want to delete the consumables category altogether
R0620,1255367,Tangle of Vibrant Vines,addition,ALL,,consumables,SHAMAN Restoration 26/1; PRIEST Holy 19/1; DEATHKNIGHT Blood 10/1; DEATHKNIGHT Unholy 10/3; PRIEST Discipline 7/1; PRIEST Shadow 4/2; SHAMAN Enhancement 3/1; WARLOCK Affliction 1/1; WARLOCK Demonology 1/1,81,11,"Applied by 4 classes (DEATHKNIGHT, PRIEST, SHAMAN, WARLOCK) with 81 applications / 11 players; not in any of their player-castable spell pools, so an item or consumable effect → Consumables (rule R8).",high,addition|consumables|ALL|tangle of vibrant vines|1255367,Rejected,I want to delete the consumables category altogether
R0621,1253115,Sealed Chaos Urn,addition,ALL,,consumables,DEATHKNIGHT Unholy 23/2; HUNTER Beast Mastery 22/1; WARRIOR Fury 11/1; WARLOCK Destruction 9/1; WARLOCK Demonology 4/1; DRUID Restoration 3/1; MAGE Frost 2/1; PALADIN Retribution 2/1; WARLOCK Affliction 2/1,78,10,"Applied by 7 classes (DEATHKNIGHT, DRUID, HUNTER, MAGE, PALADIN, WARLOCK, WARRIOR) with 78 applications / 10 players; not in any of their player-castable spell pools, so an item or consumable effect → Consumables (rule R8).",high,addition|consumables|ALL|sealed chaos urn|1253115,Rejected,I want to delete the consumables category altogether
R0622,1217101,Ethereal Reaping,addition,ALL,,consumables,HUNTER Survival 18/6; MAGE Frost 14/3; DEATHKNIGHT Unholy 9/4; PALADIN Retribution 9/3; DEMONHUNTER Devourer 5/4; EVOKER Devastation 4/1; WARRIOR Fury 4/2; ROGUE Outlaw 2/1; SHAMAN Elemental 2/2; SHAMAN Enhancement 2/1; WARLOCK Demonology 2/2; DEATHKNIGHT Frost 1/1; HUNTER Beast Mastery 1/1; HUNTER Marksmanship 1/1; MAGE Arcane 1/1; MONK Windwalker 1/1,76,34,"Applied by 11 classes (DEATHKNIGHT, DEMONHUNTER, EVOKER, HUNTER, MAGE, MONK, PALADIN, ROGUE, SHAMAN, WARLOCK, WARRIOR) with 76 applications / 34 players; not in any of their player-castable spell pools, so an item or consumable effect → Consumables (rule R8).",high,addition|consumables|ALL|ethereal reaping|1217101,Rejected,I want to delete the consumables category altogether
R0623,370667,Rescue,addition,ALL,,consumables,WARLOCK Demonology 11/7; DEATHKNIGHT Blood 7/2; DRUID Restoration 7/4; PALADIN Protection 6/4; DRUID Balance 5/3; HUNTER Beast Mastery 5/5; MAGE Arcane 4/3; MAGE Frost 3/2; PALADIN Retribution 3/3; SHAMAN Enhancement 3/1; SHAMAN Restoration 3/2; DEMONHUNTER Devourer 2/2; DEMONHUNTER Havoc 2/2; DRUID Guardian 2/1; HUNTER Survival 2/1; PRIEST Discipline 2/1; ROGUE Assassination 2/1; WARLOCK Destruction 2/2; DEATHKNIGHT Frost 1/1; DEATHKNIGHT Unholy 1/1; DRUID Feral 1/1; ROGUE Outlaw 1/1; WARLOCK Affliction 1/1,76,51,"Applied by 10 classes (DEATHKNIGHT, DEMONHUNTER, DRUID, HUNTER, MAGE, PALADIN, PRIEST, ROGUE, SHAMAN, WARLOCK) with 76 applications / 51 players; not in any of their player-castable spell pools, so an item or consumable effect → Consumables (rule R8).",high,addition|consumables|ALL|rescue|370667,Rejected,I want to delete the consumables category altogether
R0624,1272710,Crimson Blessing,addition,ALL,,consumables,PALADIN Protection 17/2; MONK Mistweaver 13/2; DEMONHUNTER Devourer 6/3; SHAMAN Enhancement 5/1; DEATHKNIGHT Unholy 4/2; WARLOCK Destruction 4/1; DEMONHUNTER Vengeance 3/1; DRUID Guardian 3/1; HUNTER Survival 3/2; WARLOCK Demonology 3/3; MAGE Arcane 2/2; PALADIN Retribution 2/2; WARRIOR Arms 2/1; WARRIOR Fury 2/2; DRUID Balance 1/1; DRUID Restoration 1/1; HUNTER Beast Mastery 1/1; MONK Brewmaster 1/1; WARLOCK Affliction 1/1,74,30,"Applied by 10 classes (DEATHKNIGHT, DEMONHUNTER, DRUID, HUNTER, MAGE, MONK, PALADIN, SHAMAN, WARLOCK, WARRIOR) with 74 applications / 30 players; not in any of their player-castable spell pools, so an item or consumable effect → Consumables (rule R8).",high,addition|consumables|ALL|crimson blessing|1272710,Rejected,I want to delete the consumables category altogether
R0625,274740,Zeal of the Burning Blade,addition,ALL,,consumables,WARRIOR Protection 20/4; HUNTER Beast Mastery 9/2; SHAMAN Elemental 9/3; DEATHKNIGHT Blood 6/3; HUNTER Survival 5/1; WARLOCK Demonology 5/1; SHAMAN Enhancement 4/2; WARLOCK Affliction 4/1; ROGUE Assassination 3/1; WARRIOR Arms 3/1; MONK Brewmaster 2/1; MONK Mistweaver 2/1; WARRIOR Fury 2/1,74,22,"Applied by 7 classes (DEATHKNIGHT, HUNTER, MONK, ROGUE, SHAMAN, WARLOCK, WARRIOR) with 74 applications / 22 players; not in any of their player-castable spell pools, so an item or consumable effect → Consumables (rule R8).",high,addition|consumables|ALL|zeal of the burning blade|274740,Rejected,I want to delete the consumables category altogether
R0626,1250491,Find High-Value Beasts,addition,ALL,,consumables,HUNTER Beast Mastery 14/10; SHAMAN Restoration 9/7; DEMONHUNTER Devourer 8/5; ROGUE Assassination 4/3; WARLOCK Demonology 4/2; WARRIOR Protection 4/2; DRUID Feral 3/2; EVOKER Augmentation 3/1; HUNTER Survival 3/3; MONK Brewmaster 3/2; DEATHKNIGHT Blood 2/2; DEMONHUNTER Vengeance 2/2; DRUID Restoration 2/1; DEATHKNIGHT Unholy 1/1; DRUID Balance 1/1; EVOKER Devastation 1/1; EVOKER Preservation 1/1; HUNTER Marksmanship 1/1; MONK Mistweaver 1/1; MONK Windwalker 1/1; PALADIN Holy 1/1; PALADIN Protection 1/1; PRIEST Discipline 1/1; ROGUE Outlaw 1/1; WARRIOR Fury 1/1,73,53,"Applied by 12 classes (DEATHKNIGHT, DEMONHUNTER, DRUID, EVOKER, HUNTER, MONK, PALADIN, PRIEST, ROGUE, SHAMAN, WARLOCK, WARRIOR) with 73 applications / 53 players; not in any of their player-castable spell pools, so an item or consumable effect → Consumables (rule R8).",high,addition|consumables|ALL|find high-value beasts|1250491,Rejected,I want to delete the consumables category altogether
R0627,1272321,Blessing of Potency,addition,ALL,,consumables,PALADIN Protection 20/3; PALADIN Holy 7/4; DEMONHUNTER Devourer 6/3; DEATHKNIGHT Blood 5/2; MAGE Arcane 5/4; WARRIOR Fury 5/2; DRUID Guardian 4/1; MONK Mistweaver 4/1; SHAMAN Restoration 3/1; DEATHKNIGHT Unholy 2/1; SHAMAN Elemental 2/1; DRUID Restoration 1/1; HUNTER Beast Mastery 1/1; MAGE Frost 1/1; MONK Brewmaster 1/1; PALADIN Retribution 1/1; PRIEST Holy 1/1; PRIEST Shadow 1/1; WARRIOR Arms 1/1,71,30,"Applied by 10 classes (DEATHKNIGHT, DEMONHUNTER, DRUID, HUNTER, MAGE, MONK, PALADIN, PRIEST, SHAMAN, WARRIOR) with 71 applications / 30 players; not in any of their player-castable spell pools, so an item or consumable effect → Consumables (rule R8).",high,addition|consumables|ALL|blessing of potency|1272321,Rejected,I want to delete the consumables category altogether
R0628,1272711,Veiled Blessing,addition,ALL,,consumables,HUNTER Beast Mastery 26/3; SHAMAN Restoration 22/2; MAGE Arcane 5/3; DRUID Restoration 3/1; SHAMAN Elemental 3/2; WARLOCK Destruction 3/1; PRIEST Shadow 2/1; WARLOCK Demonology 2/2; DRUID Balance 1/1; MAGE Frost 1/1; PALADIN Holy 1/1; PRIEST Holy 1/1,70,19,"Applied by 7 classes (DRUID, HUNTER, MAGE, PALADIN, PRIEST, SHAMAN, WARLOCK) with 70 applications / 19 players; not in any of their player-castable spell pools, so an item or consumable effect → Consumables (rule R8).",high,addition|consumables|ALL|veiled blessing|1272711,Rejected,I want to delete the consumables category altogether
R0629,1241806,Cursed Stone Idol,addition,ALL,,consumables,DEATHKNIGHT Unholy 44/4; DRUID Guardian 9/1; MONK Brewmaster 8/1; WARRIOR Fury 7/1,68,7,"Applied by 4 classes (DEATHKNIGHT, DRUID, MONK, WARRIOR) with 68 applications / 7 players; not in any of their player-castable spell pools, so an item or consumable effect → Consumables (rule R8).",high,addition|consumables|ALL|cursed stone idol|1241806,Rejected,I want to delete the consumables category altogether
R0630,1310012,Mutating Elixir,addition,ALL,,consumables,DEATHKNIGHT Blood 13/3; PALADIN Holy 9/2; SHAMAN Restoration 8/2; WARRIOR Arms 8/2; HUNTER Beast Mastery 6/2; MAGE Arcane 5/2; PRIEST Shadow 5/1; WARLOCK Affliction 5/1; MONK Windwalker 2/1; PALADIN Retribution 2/1; ROGUE Outlaw 2/1; SHAMAN Elemental 2/1,67,19,"Applied by 10 classes (DEATHKNIGHT, HUNTER, MAGE, MONK, PALADIN, PRIEST, ROGUE, SHAMAN, WARLOCK, WARRIOR) with 67 applications / 19 players; not in any of their player-castable spell pools, so an item or consumable effect → Consumables (rule R8).",high,addition|consumables|ALL|mutating elixir|1310012,Rejected,I want to delete the consumables category altogether
R0631,1234969,Ethereal Augmentation,addition,ALL,,consumables,SHAMAN Elemental 9/4; HUNTER Beast Mastery 7/4; PALADIN Retribution 6/4; MAGE Frost 5/3; DRUID Feral 4/2; SHAMAN Restoration 4/2; WARLOCK Destruction 4/1; DEATHKNIGHT Frost 3/2; DRUID Balance 3/2; DRUID Restoration 3/1; PRIEST Shadow 3/1; HUNTER Marksmanship 2/2; MAGE Arcane 2/1; MONK Windwalker 2/2; PALADIN Holy 2/2; DEMONHUNTER Vengeance 1/1; EVOKER Preservation 1/1; PRIEST Holy 1/1; ROGUE Assassination 1/1; WARRIOR Fury 1/1,64,38,"Applied by 13 classes (DEATHKNIGHT, DEMONHUNTER, DRUID, EVOKER, HUNTER, MAGE, MONK, PALADIN, PRIEST, ROGUE, SHAMAN, WARLOCK, WARRIOR) with 64 applications / 38 players; not in any of their player-castable spell pools, so an item or consumable effect → Consumables (rule R8).",high,addition|consumables|ALL|ethereal augmentation|1234969,Rejected,I want to delete the consumables category altogether
R0632,1254624,Radiant Blessing,addition,ALL,,consumables,MONK Mistweaver 57/2; MAGE Frost 1/1,58,3,"Applied by 2 classes (MAGE, MONK) with 58 applications / 3 players; not in any of their player-castable spell pools, so an item or consumable effect → Consumables (rule R8).",high,addition|consumables|ALL|radiant blessing|1254624,Rejected,I want to delete the consumables category altogether
R0633,1232802,Araz's Ritual Forge,addition,ALL,,consumables,HUNTER Survival 22/3; PALADIN Retribution 16/2; PRIEST Shadow 10/1; DEATHKNIGHT Frost 9/1,57,7,"Applied by 4 classes (DEATHKNIGHT, HUNTER, PALADIN, PRIEST) with 57 applications / 7 players; not in any of their player-castable spell pools, so an item or consumable effect → Consumables (rule R8).",high,addition|consumables|ALL|araz's ritual forge|1232802,Rejected,I want to delete the consumables category altogether
R0634,292361,Embrace of Pa'ku,addition,ALL,,consumables,PALADIN Retribution 25/8; HUNTER Beast Mastery 5/3; HUNTER Survival 4/1; DRUID Balance 3/1; DRUID Guardian 3/1; DRUID Restoration 3/1; PRIEST Holy 3/1; WARRIOR Arms 3/2; DEATHKNIGHT Blood 2/1; DEATHKNIGHT Unholy 2/2; MAGE Frost 2/1; DEATHKNIGHT Frost 1/1,56,23,"Applied by 7 classes (DEATHKNIGHT, DRUID, HUNTER, MAGE, PALADIN, PRIEST, WARRIOR) with 56 applications / 23 players; not in any of their player-castable spell pools, so an item or consumable effect → Consumables (rule R8).",high,addition|consumables|ALL|embrace of pa'ku|292361,Rejected,I want to delete the consumables category altogether
R0635,227723,Mana Divining Stone,addition,ALL,,consumables,DRUID Guardian 8/3; DEATHKNIGHT Blood 5/3; PALADIN Retribution 5/5; DEMONHUNTER Havoc 3/2; DEMONHUNTER Vengeance 3/1; MAGE Frost 3/2; WARLOCK Demonology 3/1; WARLOCK Destruction 3/1; PALADIN Holy 2/2; PALADIN Protection 2/2; PRIEST Discipline 2/2; PRIEST Holy 2/2; ROGUE Assassination 2/2; WARLOCK Affliction 2/2; DEATHKNIGHT Frost 1/1; DEATHKNIGHT Unholy 1/1; DEMONHUNTER Devourer 1/1; DRUID Balance 1/1; HUNTER Beast Mastery 1/1; MONK Brewmaster 1/1; MONK Mistweaver 1/1; MONK Windwalker 1/1; SHAMAN Restoration 1/1; WARRIOR Arms 1/1; WARRIOR Fury 1/1,56,41,"Applied by 12 classes (DEATHKNIGHT, DEMONHUNTER, DRUID, HUNTER, MAGE, MONK, PALADIN, PRIEST, ROGUE, SHAMAN, WARLOCK, WARRIOR) with 56 applications / 41 players; not in any of their player-castable spell pools, so an item or consumable effect → Consumables (rule R8).",high,addition|consumables|ALL|mana divining stone|227723,Rejected,I want to delete the consumables category altogether
R0636,1270343,Volatile Power,addition,ALL,,consumables,DEATHKNIGHT Blood 25/1; PALADIN Protection 18/1; MAGE Frost 10/1; HUNTER Beast Mastery 2/1,55,4,"Applied by 4 classes (DEATHKNIGHT, HUNTER, MAGE, PALADIN) with 55 applications / 4 players; not in any of their player-castable spell pools, so an item or consumable effect → Consumables (rule R8).",high,addition|consumables|ALL|volatile power|1270343,Rejected,I want to delete the consumables category altogether
R0637,274741,Ferocity of the Frostwolf,addition,ALL,,consumables,DEATHKNIGHT Unholy 14/3; SHAMAN Elemental 10/2; DEATHKNIGHT Blood 9/3; SHAMAN Enhancement 9/2; MONK Windwalker 5/2; HUNTER Beast Mastery 4/2; WARLOCK Demonology 2/1; HUNTER Survival 1/1,54,16,"Applied by 5 classes (DEATHKNIGHT, HUNTER, MONK, SHAMAN, WARLOCK) with 54 applications / 16 players; not in any of their player-castable spell pools, so an item or consumable effect → Consumables (rule R8).",high,addition|consumables|ALL|ferocity of the frostwolf|274741,Rejected,I want to delete the consumables category altogether
R0638,1285644,Hearty Well Fed,addition,ALL,,consumables,DEATHKNIGHT Blood 9/2; SHAMAN Restoration 9/3; MAGE Frost 7/2; HUNTER Beast Mastery 4/1; HUNTER Survival 3/1; PALADIN Retribution 3/3; MAGE Arcane 2/2; PRIEST Holy 2/2; SHAMAN Elemental 2/1; WARLOCK Destruction 2/1; DEATHKNIGHT Unholy 1/1; DEMONHUNTER Devourer 1/1; DRUID Balance 1/1; DRUID Guardian 1/1; MAGE Fire 1/1; PALADIN Protection 1/1; PRIEST Discipline 1/1; ROGUE Assassination 1/1; ROGUE Outlaw 1/1; WARLOCK Demonology 1/1,53,27,"Applied by 10 classes (DEATHKNIGHT, DEMONHUNTER, DRUID, HUNTER, MAGE, PALADIN, PRIEST, ROGUE, SHAMAN, WARLOCK) with 53 applications / 27 players; not in any of their player-castable spell pools, so an item or consumable effect → Consumables (rule R8).",high,addition|consumables|ALL|hearty well fed|1285644,Rejected,I want to delete the consumables category altogether
R0639,1264337,Empyrean Swiftness,addition,ALL,,consumables,WARLOCK Demonology 24/1; DEMONHUNTER Devourer 17/1; SHAMAN Restoration 6/1; EVOKER Augmentation 4/1; MAGE Frost 1/1,52,5,"Applied by 5 classes (DEMONHUNTER, EVOKER, MAGE, SHAMAN, WARLOCK) with 52 applications / 5 players; not in any of their player-castable spell pools, so an item or consumable effect → Consumables (rule R8).",high,addition|consumables|ALL|empyrean swiftness|1264337,Rejected,I want to delete the consumables category altogether
R0640,1269056,Hearty Vilebranch Stew,addition,ALL,,consumables,HUNTER Beast Mastery 7/5; DRUID Restoration 4/3; MAGE Frost 4/4; WARRIOR Protection 4/3; SHAMAN Restoration 3/2; WARLOCK Demonology 3/3; WARLOCK Destruction 3/1; DEATHKNIGHT Blood 2/2; DEATHKNIGHT Frost 2/2; DEATHKNIGHT Unholy 2/2; DEMONHUNTER Devourer 2/2; PALADIN Protection 2/2; DEMONHUNTER Havoc 1/1; DEMONHUNTER Vengeance 1/1; DRUID Balance 1/1; DRUID Guardian 1/1; EVOKER Augmentation 1/1; HUNTER Survival 1/1; MONK Mistweaver 1/1; PALADIN Holy 1/1; PALADIN Retribution 1/1; PRIEST Shadow 1/1; SHAMAN Enhancement 1/1; WARLOCK Affliction 1/1; WARRIOR Arms 1/1; WARRIOR Fury 1/1,52,45,"Applied by 12 classes (DEATHKNIGHT, DEMONHUNTER, DRUID, EVOKER, HUNTER, MAGE, MONK, PALADIN, PRIEST, SHAMAN, WARLOCK, WARRIOR) with 52 applications / 45 players; not in any of their player-castable spell pools, so an item or consumable effect → Consumables (rule R8).",high,addition|consumables|ALL|hearty vilebranch stew|1269056,Rejected,I want to delete the consumables category altogether
R0641,1307470,Hex Lord's Doom,addition,ALL,,consumables,PRIEST Shadow 14/1; MAGE Arcane 13/1; MONK Mistweaver 13/1; PRIEST Holy 11/1,51,4,"Applied by 3 classes (MAGE, MONK, PRIEST) with 51 applications / 4 players; not in any of their player-castable spell pools, so an item or consumable effect → Consumables (rule R8).",high,addition|consumables|ALL|hex lord's doom|1307470,Rejected,I want to delete the consumables category altogether
R0642,1282029,Blinky's Collar,addition,ALL,,consumables,DRUID Guardian 8/3; PALADIN Retribution 6/6; MAGE Frost 5/2; PRIEST Holy 4/3; WARLOCK Demonology 4/2; HUNTER Beast Mastery 3/2; DEATHKNIGHT Unholy 2/2; DEMONHUNTER Devourer 2/2; MONK Windwalker 2/2; SHAMAN Restoration 2/2; WARRIOR Arms 2/2; DRUID Balance 1/1; HUNTER Marksmanship 1/1; HUNTER Survival 1/1; MAGE Arcane 1/1; PALADIN Holy 1/1; PRIEST Discipline 1/1; ROGUE Assassination 1/1; ROGUE Outlaw 1/1; ROGUE Subtlety 1/1,49,36,"Applied by 12 classes (DEATHKNIGHT, DEMONHUNTER, DRUID, HUNTER, MAGE, MONK, PALADIN, PRIEST, ROGUE, SHAMAN, WARLOCK, WARRIOR) with 49 applications / 36 players; not in any of their player-castable spell pools, so an item or consumable effect → Consumables (rule R8).",high,addition|consumables|ALL|blinky's collar|1282029,Rejected,I want to delete the consumables category altogether
R0643,431932,Tempered Potion,addition,ALL,,consumables,DEATHKNIGHT Unholy 9/4; DEMONHUNTER Devourer 8/3; MAGE Arcane 5/2; DRUID Feral 3/1; MAGE Frost 3/1; PRIEST Shadow 3/1; SHAMAN Enhancement 3/1; DRUID Balance 2/1; EVOKER Preservation 2/1; HUNTER Beast Mastery 2/1; HUNTER Survival 2/1; PALADIN Protection 2/1; WARLOCK Demonology 2/1; MONK Brewmaster 1/1; WARLOCK Destruction 1/1,48,21,"Applied by 11 classes (DEATHKNIGHT, DEMONHUNTER, DRUID, EVOKER, HUNTER, MAGE, MONK, PALADIN, PRIEST, SHAMAN, WARLOCK) with 48 applications / 21 players; not in any of their player-castable spell pools, so an item or consumable effect → Consumables (rule R8).",high,addition|consumables|ALL|tempered potion|431932,Rejected,I want to delete the consumables category altogether
R0644,1303338,Drink,addition,ALL,,consumables,DEATHKNIGHT Blood 10/1; MAGE Arcane 8/3; MONK Mistweaver 5/1; SHAMAN Restoration 3/1; WARRIOR Arms 3/1; DEATHKNIGHT Unholy 2/1; DEMONHUNTER Havoc 2/2; HUNTER Beast Mastery 2/1; HUNTER Marksmanship 2/1; PALADIN Protection 2/2; PRIEST Discipline 2/1; SHAMAN Elemental 2/2; DRUID Guardian 1/1; EVOKER Devastation 1/1; PALADIN Holy 1/1; WARLOCK Demonology 1/1,47,21,"Applied by 12 classes (DEATHKNIGHT, DEMONHUNTER, DRUID, EVOKER, HUNTER, MAGE, MONK, PALADIN, PRIEST, SHAMAN, WARLOCK, WARRIOR) with 47 applications / 21 players; not in any of their player-castable spell pools, so an item or consumable effect → Consumables (rule R8).",high,addition|consumables|ALL|drink|1303338,Rejected,I want to delete the consumables category altogether
R0645,1291581,Ula'tek's Gift,addition,ALL,,consumables,MAGE Arcane 8/7; HUNTER Beast Mastery 7/4; DEATHKNIGHT Blood 5/3; PALADIN Retribution 4/4; PALADIN Protection 3/2; DRUID Balance 2/2; DRUID Feral 2/1; EVOKER Preservation 2/1; SHAMAN Elemental 2/2; WARRIOR Arms 2/2; DEATHKNIGHT Frost 1/1; DEATHKNIGHT Unholy 1/1; DEMONHUNTER Devourer 1/1; HUNTER Marksmanship 1/1; MAGE Frost 1/1; MONK Windwalker 1/1; PRIEST Discipline 1/1; ROGUE Assassination 1/1; SHAMAN Restoration 1/1,46,37,"Applied by 12 classes (DEATHKNIGHT, DEMONHUNTER, DRUID, EVOKER, HUNTER, MAGE, MONK, PALADIN, PRIEST, ROGUE, SHAMAN, WARRIOR) with 46 applications / 37 players; not in any of their player-castable spell pools, so an item or consumable effect → Consumables (rule R8).",high,addition|consumables|ALL|ula'tek's gift|1291581,Rejected,I want to delete the consumables category altogether
R0646,1252818,Akil'zon's Cry of Victory,addition,DEATHKNIGHT,,consumables,Frost 31/2; Blood 15/1,46,3,"not in the player-castable spell pool, so an item or consumable effect → Consumables (rule R8).",high,addition|consumables|DEATHKNIGHT|akil'zon's cry of victory|1252818,Rejected,I want to delete the consumables category altogether
R0647,345228,Gladiator's Badge,addition,ALL,,consumables,MAGE Fire 21/1; DEMONHUNTER Devourer 19/1; WARRIOR Fury 4/1,44,3,"Applied by 3 classes (DEMONHUNTER, MAGE, WARRIOR) with 44 applications / 3 players; not in any of their player-castable spell pools, so an item or consumable effect → Consumables (rule R8).",high,addition|consumables|ALL|gladiator's badge|345228,Rejected,I want to delete the consumables category altogether
R0648,1264426,Void-Touched,addition,ALL,,consumables,PALADIN Retribution 6/4; DEMONHUNTER Devourer 5/3; HUNTER Beast Mastery 5/3; ROGUE Assassination 4/3; WARRIOR Arms 4/3; DRUID Feral 2/1; MONK Windwalker 2/2; PRIEST Holy 2/1; PRIEST Shadow 2/1; ROGUE Outlaw 2/2; DRUID Guardian 1/1; DRUID Restoration 1/1; EVOKER Preservation 1/1; MAGE Frost 1/1; PRIEST Discipline 1/1; ROGUE Subtlety 1/1; SHAMAN Elemental 1/1; WARLOCK Affliction 1/1; WARLOCK Demonology 1/1; WARRIOR Fury 1/1,44,33,"Applied by 12 classes (DEMONHUNTER, DRUID, EVOKER, HUNTER, MAGE, MONK, PALADIN, PRIEST, ROGUE, SHAMAN, WARLOCK, WARRIOR) with 44 applications / 33 players; not in any of their player-castable spell pools, so an item or consumable effect → Consumables (rule R8).",high,addition|consumables|ALL|void-touched|1264426,Rejected,I want to delete the consumables category altogether
R0649,443531,Bolstering Light,addition,ALL,,consumables,SHAMAN Restoration 26/1; HUNTER Survival 9/1; EVOKER Augmentation 6/1; MAGE Arcane 2/1,43,4,"Applied by 4 classes (EVOKER, HUNTER, MAGE, SHAMAN) with 43 applications / 4 players; not in any of their player-castable spell pools, so an item or consumable effect → Consumables (rule R8).",high,addition|consumables|ALL|bolstering light|443531,Rejected,I want to delete the consumables category altogether
R0650,1259153,Wraps of Cosmic Madness,addition,ALL,,consumables,MAGE Arcane 17/3; WARLOCK Demonology 10/1; PRIEST Shadow 7/1; PRIEST Discipline 5/1; DEMONHUNTER Devourer 4/1,43,7,"Applied by 4 classes (DEMONHUNTER, MAGE, PRIEST, WARLOCK) with 43 applications / 7 players; not in any of their player-castable spell pools, so an item or consumable effect → Consumables (rule R8).",high,addition|consumables|ALL|wraps of cosmic madness|1259153,Rejected,I want to delete the consumables category altogether
R0651,211336,Archbishop Benedictus' Restitution,addition,PRIEST,,consumables,Holy 43/29,43,29,"not in the player-castable spell pool, so an item or consumable effect → Consumables (rule R8).",high,addition|consumables|PRIEST|archbishop benedictus' restitution|211336,Rejected,I want to delete the consumables category altogether
R0652,1293799,Trovehunter's Bounty,addition,ALL,,consumables,DEATHKNIGHT Blood 10/2; MONK Mistweaver 7/1; HUNTER Beast Mastery 5/2; WARRIOR Arms 5/3; MAGE Arcane 4/3; DRUID Restoration 3/2; PALADIN Protection 3/3; DEATHKNIGHT Unholy 2/1; DEMONHUNTER Devourer 1/1; ROGUE Outlaw 1/1; SHAMAN Restoration 1/1,42,19,"Applied by 10 classes (DEATHKNIGHT, DEMONHUNTER, DRUID, HUNTER, MAGE, MONK, PALADIN, ROGUE, SHAMAN, WARRIOR) with 42 applications / 19 players; not in any of their player-castable spell pools, so an item or consumable effect → Consumables (rule R8).",high,addition|consumables|ALL|trovehunter's bounty|1293799,Rejected,I want to delete the consumables category altogether
R0653,404468,Flight Style: Steady,addition,ALL,,consumables,DRUID Restoration 7/2; HUNTER Beast Mastery 5/5; MAGE Frost 4/2; MAGE Arcane 3/2; SHAMAN Restoration 3/3; HUNTER Marksmanship 2/2; MONK Brewmaster 2/2; PRIEST Shadow 2/2; SHAMAN Elemental 2/2; WARRIOR Arms 2/1; DEATHKNIGHT Unholy 1/1; EVOKER Devastation 1/1; EVOKER Preservation 1/1; PALADIN Retribution 1/1; PRIEST Discipline 1/1; SHAMAN Enhancement 1/1; WARLOCK Destruction 1/1,39,30,"Applied by 11 classes (DEATHKNIGHT, DRUID, EVOKER, HUNTER, MAGE, MONK, PALADIN, PRIEST, SHAMAN, WARLOCK, WARRIOR) with 39 applications / 30 players; not in any of their player-castable spell pools, so an item or consumable effect → Consumables (rule R8).",high,addition|consumables|ALL|flight style: steady|404468,Rejected,I want to delete the consumables category altogether
R0654,335149,Sign of the Scourge,addition,ALL,,consumables,DEATHKNIGHT Blood 5/2; SHAMAN Restoration 5/1; DEMONHUNTER Havoc 4/3; SHAMAN Elemental 4/4; MAGE Arcane 3/2; MONK Mistweaver 3/1; PALADIN Retribution 3/2; HUNTER Beast Mastery 2/2; WARLOCK Demonology 2/1; DEMONHUNTER Vengeance 1/1; DRUID Balance 1/1; DRUID Guardian 1/1; MONK Brewmaster 1/1; MONK Windwalker 1/1; PALADIN Holy 1/1; PRIEST Holy 1/1; WARLOCK Destruction 1/1,39,26,"Applied by 10 classes (DEATHKNIGHT, DEMONHUNTER, DRUID, HUNTER, MAGE, MONK, PALADIN, PRIEST, SHAMAN, WARLOCK) with 39 applications / 26 players; not in any of their player-castable spell pools, so an item or consumable effect → Consumables (rule R8).",high,addition|consumables|ALL|sign of the scourge|335149,Rejected,I want to delete the consumables category altogether
R0655,386692,Dragon Games Equipment,addition,ALL,,consumables,PALADIN Retribution 24/3; WARRIOR Arms 8/2; PALADIN Protection 6/1,38,6,"Applied by 2 classes (PALADIN, WARRIOR) with 38 applications / 6 players; not in any of their player-castable spell pools, so an item or consumable effect → Consumables (rule R8).",high,addition|consumables|ALL|dragon games equipment|386692,Rejected,I want to delete the consumables category altogether
R0656,1263644,Seed of Radiant Hope,addition,ALL,,consumables,DRUID Restoration 24/2; PRIEST Holy 13/2,37,4,"Applied by 2 classes (DRUID, PRIEST) with 37 applications / 4 players; not in any of their player-castable spell pools, so an item or consumable effect → Consumables (rule R8).",high,addition|consumables|ALL|seed of radiant hope|1263644,Rejected,I want to delete the consumables category altogether
R0657,389581,Coaching,addition,ALL,,consumables,SHAMAN Restoration 26/5; DRUID Restoration 5/3; PALADIN Holy 2/2; EVOKER Augmentation 1/1; MONK Mistweaver 1/1; PRIEST Discipline 1/1,36,13,"Applied by 6 classes (DRUID, EVOKER, MONK, PALADIN, PRIEST, SHAMAN) with 36 applications / 13 players; not in any of their player-castable spell pools, so an item or consumable effect → Consumables (rule R8).",high,addition|consumables|ALL|coaching|389581,Rejected,I want to delete the consumables category altogether
R0658,1295885,Hex Lord's Doom,addition,ALL,,consumables,PRIEST Shadow 10/1; MAGE Arcane 9/1; MONK Mistweaver 8/1; PRIEST Holy 8/1,35,4,"Applied by 3 classes (MAGE, MONK, PRIEST) with 35 applications / 4 players; not in any of their player-castable spell pools, so an item or consumable effect → Consumables (rule R8).",high,addition|consumables|ALL|hex lord's doom|1295885,Rejected,I want to delete the consumables category altogether
R0659,72968,Precious's Ribbon,addition,ALL,,consumables,PALADIN Retribution 6/3; DEMONHUNTER Havoc 3/1; HUNTER Beast Mastery 3/3; HUNTER Survival 3/2; MAGE Arcane 3/3; PALADIN Holy 3/2; WARRIOR Arms 3/2; DEMONHUNTER Devourer 2/1; DEATHKNIGHT Blood 1/1; DEATHKNIGHT Frost 1/1; DEATHKNIGHT Unholy 1/1; MONK Brewmaster 1/1; ROGUE Assassination 1/1; SHAMAN Elemental 1/1; WARLOCK Demonology 1/1,33,24,"Applied by 10 classes (DEATHKNIGHT, DEMONHUNTER, HUNTER, MAGE, MONK, PALADIN, ROGUE, SHAMAN, WARLOCK, WARRIOR) with 33 applications / 24 players; not in any of their player-castable spell pools, so an item or consumable effect → Consumables (rule R8).",high,addition|consumables|ALL|precious's ribbon|72968,Rejected,I want to delete the consumables category altogether
R0660,455444,Spelunker's Candle,addition,ALL,,consumables,HUNTER Survival 16/1; DEMONHUNTER Vengeance 10/1; DRUID Restoration 4/1; MAGE Arcane 2/1,32,4,"Applied by 4 classes (DEMONHUNTER, DRUID, HUNTER, MAGE) with 32 applications / 4 players; not in any of their player-castable spell pools, so an item or consumable effect → Consumables (rule R8).",high,addition|consumables|ALL|spelunker's candle|455444,Rejected,I want to delete the consumables category altogether
R0661,393438,Draconic Augmentation,addition,ALL,,consumables,PALADIN Retribution 11/3; EVOKER Devastation 5/1; DEMONHUNTER Havoc 3/1; PRIEST Shadow 3/1; WARLOCK Demonology 2/1; WARRIOR Arms 2/1; DEATHKNIGHT Unholy 1/1; DEMONHUNTER Devourer 1/1; DRUID Balance 1/1; HUNTER Beast Mastery 1/1; MONK Mistweaver 1/1,31,13,"Applied by 10 classes (DEATHKNIGHT, DEMONHUNTER, DRUID, EVOKER, HUNTER, MONK, PALADIN, PRIEST, WARLOCK, WARRIOR) with 31 applications / 13 players; not in any of their player-castable spell pools, so an item or consumable effect → Consumables (rule R8).",high,addition|consumables|ALL|draconic augmentation|393438,Rejected,I want to delete the consumables category altogether
R0662,1245969,Blood,addition,ALL,,consumables,MAGE Arcane 10/3; DEATHKNIGHT Unholy 5/1; MONK Mistweaver 3/1; WARLOCK Destruction 3/1; WARRIOR Fury 3/1; SHAMAN Enhancement 2/1; MAGE Frost 1/1; WARRIOR Arms 1/1,28,10,"Applied by 6 classes (DEATHKNIGHT, MAGE, MONK, SHAMAN, WARLOCK, WARRIOR) with 28 applications / 10 players; not in any of their player-castable spell pools, so an item or consumable effect → Consumables (rule R8).",high,addition|consumables|ALL|blood|1245969,Rejected,I want to delete the consumables category altogether
R0663,267402,Noxious Venom Gland,addition,ALL,,consumables,WARRIOR Arms 17/3; PALADIN Retribution 7/1; PALADIN Protection 4/1,28,5,"Applied by 2 classes (PALADIN, WARRIOR) with 28 applications / 5 players; not in any of their player-castable spell pools, so an item or consumable effect → Consumables (rule R8).",high,addition|consumables|ALL|noxious venom gland|267402,Rejected,I want to delete the consumables category altogether
R0664,1294941,Curse of the Wound,addition,ALL,,consumables,MAGE Arcane 16/2; PRIEST Shadow 7/1; EVOKER Preservation 3/1,26,4,"Applied by 3 classes (EVOKER, MAGE, PRIEST) with 26 applications / 4 players; not in any of their player-castable spell pools, so an item or consumable effect → Consumables (rule R8).",high,addition|consumables|ALL|curse of the wound|1294941,Rejected,I want to delete the consumables category altogether
R0665,1217103,Ethereal Reconstitution,addition,ALL,,consumables,DRUID Restoration 18/2; SHAMAN Restoration 5/2; EVOKER Preservation 1/1; MONK Mistweaver 1/1; PRIEST Holy 1/1,26,7,"Applied by 5 classes (DRUID, EVOKER, MONK, PRIEST, SHAMAN) with 26 applications / 7 players; not in any of their player-castable spell pools, so an item or consumable effect → Consumables (rule R8).",high,addition|consumables|ALL|ethereal reconstitution|1217103,Rejected,I want to delete the consumables category altogether
R0666,250768,Whispers of L'ura,addition,ALL,,consumables,MONK Mistweaver 8/1; DRUID Restoration 6/1; PALADIN Holy 6/1; SHAMAN Restoration 6/1,26,4,"Applied by 4 classes (DRUID, MONK, PALADIN, SHAMAN) with 26 applications / 4 players; not in any of their player-castable spell pools, so an item or consumable effect → Consumables (rule R8).",high,addition|consumables|ALL|whispers of l'ura|250768,Rejected,I want to delete the consumables category altogether
R0667,154796,Touch of Elune - Day,addition,ALL,,consumables,DEMONHUNTER Devourer 8/7; HUNTER Beast Mastery 6/3; DEMONHUNTER Vengeance 5/3; DEMONHUNTER Havoc 2/2; MAGE Frost 2/2; HUNTER Survival 1/1; WARRIOR Fury 1/1,25,19,"Applied by 4 classes (DEMONHUNTER, HUNTER, MAGE, WARRIOR) with 25 applications / 19 players; not in any of their player-castable spell pools, so an item or consumable effect → Consumables (rule R8).",high,addition|consumables|ALL|touch of elune - day|154796,Rejected,I want to delete the consumables category altogether
R0668,32752,Summoning Disorientation,addition,WARLOCK,,consumables,Demonology 17/12; Destruction 5/3; Affliction 3/3,25,18,"not in the player-castable spell pool, so an item or consumable effect → Consumables (rule R8).",high,addition|consumables|WARLOCK|summoning disorientation|32752,Rejected,I want to delete the consumables category altogether
R0669,404184,Ground Skimming,addition,ALL,,consumables,SHAMAN Restoration 5/1; DEATHKNIGHT Blood 3/2; MAGE Arcane 3/3; MONK Windwalker 3/1; DEMONHUNTER Havoc 2/1; PALADIN Retribution 2/1; DEATHKNIGHT Unholy 1/1; DEMONHUNTER Devourer 1/1; DRUID Balance 1/1; EVOKER Preservation 1/1; HUNTER Beast Mastery 1/1; WARLOCK Demonology 1/1,24,15,"Applied by 10 classes (DEATHKNIGHT, DEMONHUNTER, DRUID, EVOKER, HUNTER, MAGE, MONK, PALADIN, SHAMAN, WARLOCK) with 24 applications / 15 players; not in any of their player-castable spell pools, so an item or consumable effect → Consumables (rule R8).",high,addition|consumables|ALL|ground skimming|404184,Rejected,I want to delete the consumables category altogether
R0670,1232086,Well Fed,addition,ALL,,consumables,SHAMAN Restoration 4/1; WARRIOR Arms 4/1; DRUID Feral 3/1; PALADIN Holy 3/2; DEATHKNIGHT Blood 2/1; PALADIN Protection 2/1; DEMONHUNTER Vengeance 1/1; HUNTER Survival 1/1; ROGUE Outlaw 1/1; SHAMAN Elemental 1/1; WARLOCK Demonology 1/1; WARLOCK Destruction 1/1,24,13,"Applied by 9 classes (DEATHKNIGHT, DEMONHUNTER, DRUID, HUNTER, PALADIN, ROGUE, SHAMAN, WARLOCK, WARRIOR) with 24 applications / 13 players; not in any of their player-castable spell pools, so an item or consumable effect → Consumables (rule R8).",high,addition|consumables|ALL|well fed|1232086,Rejected,I want to delete the consumables category altogether
R0671,1277461,Drink,addition,ALL,,consumables,PRIEST Discipline 12/5; PRIEST Holy 5/1; DRUID Restoration 3/1; PALADIN Holy 2/2; SHAMAN Restoration 1/1,23,10,"Applied by 4 classes (DRUID, PALADIN, PRIEST, SHAMAN) with 23 applications / 10 players; not in any of their player-castable spell pools, so an item or consumable effect → Consumables (rule R8).",high,addition|consumables|ALL|drink|1277461,Rejected,I want to delete the consumables category altogether
R0672,450720,Inner Radiance,addition,ALL,,consumables,PALADIN Protection 17/2; DEATHKNIGHT Blood 6/1,23,3,"Applied by 2 classes (DEATHKNIGHT, PALADIN) with 23 applications / 3 players; not in any of their player-castable spell pools, so an item or consumable effect → Consumables (rule R8).",high,addition|consumables|ALL|inner radiance|450720,Rejected,I want to delete the consumables category altogether
R0673,450706,Inner Resilience,addition,ALL,,consumables,PALADIN Protection 17/2; DEATHKNIGHT Blood 6/1,23,3,"Applied by 2 classes (DEATHKNIGHT, PALADIN) with 23 applications / 3 players; not in any of their player-castable spell pools, so an item or consumable effect → Consumables (rule R8).",high,addition|consumables|ALL|inner resilience|450706,Rejected,I want to delete the consumables category altogether
R0674,450699,"""The 50 Verses of Radiance""",addition,ALL,,consumables,PALADIN Protection 16/2; DEATHKNIGHT Blood 6/1,22,3,"Applied by 2 classes (DEATHKNIGHT, PALADIN) with 22 applications / 3 players; not in any of their player-castable spell pools, so an item or consumable effect → Consumables (rule R8).",high,"addition|consumables|ALL|""the 50 verses of radiance""|450699",Rejected,I want to delete the consumables category altogether
R0675,451303,Volatile Energy,addition,ALL,,consumables,DRUID Restoration 8/1; MAGE Arcane 7/1; MAGE Frost 7/1,22,3,"Applied by 2 classes (DRUID, MAGE) with 22 applications / 3 players; not in any of their player-castable spell pools, so an item or consumable effect → Consumables (rule R8).",high,addition|consumables|ALL|volatile energy|451303,Rejected,I want to delete the consumables category altogether
R0676,1236998,Draught of Rampant Abandon,addition,ALL,,consumables,PALADIN Retribution 5/2; ROGUE Subtlety 5/1; HUNTER Beast Mastery 2/1; MONK Mistweaver 2/1; SHAMAN Enhancement 2/1; HUNTER Marksmanship 1/1; ROGUE Outlaw 1/1; WARLOCK Demonology 1/1; WARRIOR Arms 1/1; WARRIOR Protection 1/1,21,10,"Applied by 7 classes (HUNTER, MONK, PALADIN, ROGUE, SHAMAN, WARLOCK, WARRIOR) with 21 applications / 10 players; not in any of their player-castable spell pools, so an item or consumable effect → Consumables (rule R8).",high,addition|consumables|ALL|draught of rampant abandon|1236998,Rejected,I want to delete the consumables category altogether
R0677,450696,"""The 50 Verses of Resilience""",addition,ALL,,consumables,PALADIN Protection 15/2; DEATHKNIGHT Blood 5/1,20,3,"Applied by 2 classes (DEATHKNIGHT, PALADIN) with 20 applications / 3 players; not in any of their player-castable spell pools, so an item or consumable effect → Consumables (rule R8).",high,"addition|consumables|ALL|""the 50 verses of resilience""|450696",Rejected,I want to delete the consumables category altogether
R0678,1233712,Hearty Well Fed,addition,ALL,,consumables,DEATHKNIGHT Blood 5/1; MAGE Arcane 3/1; PALADIN Holy 3/2; WARLOCK Affliction 3/1; PALADIN Retribution 2/1; DEATHKNIGHT Unholy 1/1; HUNTER Marksmanship 1/1; MAGE Fire 1/1; MAGE Frost 1/1,20,7,"Applied by 5 classes (DEATHKNIGHT, HUNTER, MAGE, PALADIN, WARLOCK) with 20 applications / 7 players; not in any of their player-castable spell pools, so an item or consumable effect → Consumables (rule R8).",high,addition|consumables|ALL|hearty well fed|1233712,Rejected,I want to delete the consumables category altogether
R0002,186254,Bestial Wrath,correction-add,HUNTER,offensiveCDs,offensiveCDs,Beast Mastery 11307/117,11307,117,"HUNTER applied Bestial Wrath 22187 times under 186254, 1235388, 1285912, which is not listed (rule evidence).",high,"add|offensiveCDs|HUNTER|bestial wrath|186254,1235388,1285912",Approved,
R0003,1235388,Bestial Wrath,correction-add,HUNTER,offensiveCDs,offensiveCDs,Beast Mastery 5285/35,5285,35,"HUNTER applied Bestial Wrath 22187 times under 186254, 1235388, 1285912, which is not listed (rule evidence).",high,"add|offensiveCDs|HUNTER|bestial wrath|186254,1235388,1285912",Approved,
R0004,1285912,Bestial Wrath,correction-add,HUNTER,offensiveCDs,offensiveCDs,Beast Mastery 5595/116,5595,116,"HUNTER applied Bestial Wrath 22187 times under 186254, 1235388, 1285912, which is not listed (rule evidence).",high,"add|offensiveCDs|HUNTER|bestial wrath|186254,1235388,1285912",Approved,
R0005,444826,Chains of Ice,correction-add,DEATHKNIGHT,softCC,softCC,Unholy 8395/73; Frost 482/3; Blood 6/1,8883,76,"DEATHKNIGHT applied Chains of Ice 8883 times under 444826, which is not listed (rule evidence).",high,add|softCC|DEATHKNIGHT|chains of ice|444826,Approved,
R0007,1246768,Power Word: Shield,correction-add,PRIEST,healing,healing,Holy 4910/30,4910,30,"PRIEST applied Power Word: Shield 4910 times under 1246768, which is not listed (rule evidence).",high,add|healing|PRIEST|power word: shield|1246768,Approved,
R0008,460501,Heart Strike,correction-add,DEATHKNIGHT,softCC,softCC,Blood 4545/64,4545,64,"DEATHKNIGHT applied Heart Strike 4545 times under 460501, which is not listed (rule evidence).",high,add|softCC|DEATHKNIGHT|heart strike|460501,Approved,
R0010,77761,Stampeding Roar,correction-add,DRUID,movement,movement,Guardian 2104/48; Balance 3/1,2107,49,"DRUID applied Stampeding Roar 2916 times under 77761, 77764, which is not listed (rule evidence).",high,"add|movement|DRUID|stampeding roar|77761,77764",Approved,
R0011,77764,Stampeding Roar,correction-add,DRUID,movement,movement,Feral 477/25; Restoration 278/23; Balance 38/15; Guardian 16/6,809,69,"DRUID applied Stampeding Roar 2916 times under 77761, 77764, which is not listed (rule evidence).",high,"add|movement|DRUID|stampeding roar|77761,77764",Approved,
R0014,367364,Reversion,correction-add,EVOKER,healing,healing,Preservation 2582/22,2582,22,"EVOKER applied Reversion 2582 times under 367364, which is not listed (rule evidence).",high,add|healing|EVOKER|reversion|367364,Approved,
R0015,221883,Divine Steed,correction-add,PALADIN,movement,movement,Retribution 501/44; Protection 266/17; Holy 104/15,871,76,"PALADIN applied Divine Steed 2485 times under 221883, 221885, 221887, 254471, 254472, 254474, 276111, 276112, 294133, 363608, 453804, which is not listed (rule evidence).",high,"add|movement|PALADIN|divine steed|221883,221885,221887,254471,254472,254474,276111,276112,294133,363608,453804",Approved,
R0016,221885,Divine Steed,correction-add,PALADIN,movement,movement,Protection 95/6; Retribution 33/4,128,10,"PALADIN applied Divine Steed 2485 times under 221883, 221885, 221887, 254471, 254472, 254474, 276111, 276112, 294133, 363608, 453804, which is not listed (rule evidence).",high,"add|movement|PALADIN|divine steed|221883,221885,221887,254471,254472,254474,276111,276112,294133,363608,453804",Approved,
R0017,221887,Divine Steed,correction-add,PALADIN,movement,movement,Retribution 32/2; Protection 19/1; Holy 14/1,65,4,"PALADIN applied Divine Steed 2485 times under 221883, 221885, 221887, 254471, 254472, 254474, 276111, 276112, 294133, 363608, 453804, which is not listed (rule evidence).",high,"add|movement|PALADIN|divine steed|221883,221885,221887,254471,254472,254474,276111,276112,294133,363608,453804",Approved,
R0018,254471,Divine Steed,correction-add,PALADIN,movement,movement,Holy 73/4; Retribution 51/5; Protection 37/2,161,11,"PALADIN applied Divine Steed 2485 times under 221883, 221885, 221887, 254471, 254472, 254474, 276111, 276112, 294133, 363608, 453804, which is not listed (rule evidence).",high,"add|movement|PALADIN|divine steed|221883,221885,221887,254471,254472,254474,276111,276112,294133,363608,453804",Approved,
R0019,254472,Divine Steed,correction-add,PALADIN,movement,movement,Retribution 76/6,76,6,"PALADIN applied Divine Steed 2485 times under 221883, 221885, 221887, 254471, 254472, 254474, 276111, 276112, 294133, 363608, 453804, which is not listed (rule evidence).",high,"add|movement|PALADIN|divine steed|221883,221885,221887,254471,254472,254474,276111,276112,294133,363608,453804",Approved,
R0020,254474,Divine Steed,correction-add,PALADIN,movement,movement,Retribution 140/8; Protection 73/5; Holy 13/1,226,14,"PALADIN applied Divine Steed 2485 times under 221883, 221885, 221887, 254471, 254472, 254474, 276111, 276112, 294133, 363608, 453804, which is not listed (rule evidence).",high,"add|movement|PALADIN|divine steed|221883,221885,221887,254471,254472,254474,276111,276112,294133,363608,453804",Approved,
R0021,276111,Divine Steed,correction-add,PALADIN,movement,movement,Retribution 101/7; Holy 92/9; Protection 84/6,277,22,"PALADIN applied Divine Steed 2485 times under 221883, 221885, 221887, 254471, 254472, 254474, 276111, 276112, 294133, 363608, 453804, which is not listed (rule evidence).",high,"add|movement|PALADIN|divine steed|221883,221885,221887,254471,254472,254474,276111,276112,294133,363608,453804",Approved,
R0022,276112,Divine Steed,correction-add,PALADIN,movement,movement,Holy 253/2; Protection 81/5; Retribution 49/5,383,11,"PALADIN applied Divine Steed 2485 times under 221883, 221885, 221887, 254471, 254472, 254474, 276111, 276112, 294133, 363608, 453804, which is not listed (rule evidence).",high,"add|movement|PALADIN|divine steed|221883,221885,221887,254471,254472,254474,276111,276112,294133,363608,453804",Approved,
R0023,294133,Divine Steed,correction-add,PALADIN,movement,movement,Retribution 79/7; Holy 14/1; Protection 13/1,106,9,"PALADIN applied Divine Steed 2485 times under 221883, 221885, 221887, 254471, 254472, 254474, 276111, 276112, 294133, 363608, 453804, which is not listed (rule evidence).",high,"add|movement|PALADIN|divine steed|221883,221885,221887,254471,254472,254474,276111,276112,294133,363608,453804",Approved,
R0024,363608,Divine Steed,correction-add,PALADIN,movement,movement,Holy 40/4; Protection 28/2; Retribution 20/3,88,9,"PALADIN applied Divine Steed 2485 times under 221883, 221885, 221887, 254471, 254472, 254474, 276111, 276112, 294133, 363608, 453804, which is not listed (rule evidence).",high,"add|movement|PALADIN|divine steed|221883,221885,221887,254471,254472,254474,276111,276112,294133,363608,453804",Approved,
R0025,453804,Divine Steed,correction-add,PALADIN,movement,movement,Retribution 67/4; Holy 21/1; Protection 16/1,104,6,"PALADIN applied Divine Steed 2485 times under 221883, 221885, 221887, 254471, 254472, 254474, 276111, 276112, 294133, 363608, 453804, which is not listed (rule evidence).",high,"add|movement|PALADIN|divine steed|221883,221885,221887,254471,254472,254474,276111,276112,294133,363608,453804",Approved,
R0026,162264,Metamorphosis,correction-add,DEMONHUNTER,defensives,defensives,Havoc 2178/47,2178,47,"DEMONHUNTER applied Metamorphosis 2178 times under 162264, which is not listed (rule evidence).",high,add|defensives|DEMONHUNTER|metamorphosis|162264,Approved,
R0028,454351,Avenging Wrath,correction-add,PALADIN,offensiveCDs,offensiveCDs,Retribution 2102/61,2102,61,"231895 never applied by any PALADIN player, while 454351 applied Avenging Wrath 2102 times (rule evidence).",high,replace|offensiveCDs|PALADIN|avenging wrath|454351,Approved,
R0029,114052,Ascendance,correction-add,SHAMAN,offensiveCDs,offensiveCDs,Restoration 1126/53,1126,53,"SHAMAN applied Ascendance 1821 times under 114052, 1219480, which is not listed (rule evidence).",high,"add|offensiveCDs|SHAMAN|ascendance|114052,1219480",Approved,
R0030,1219480,Ascendance,correction-add,SHAMAN,offensiveCDs,offensiveCDs,Elemental 693/73; Restoration 2/1,695,73,"SHAMAN applied Ascendance 1821 times under 114052, 1219480, which is not listed (rule evidence).",high,"add|offensiveCDs|SHAMAN|ascendance|114052,1219480",Approved,
R0031,385391,Spell Reflection,correction-add,WARRIOR,defensives,defensives,Arms 592/59; Protection 448/33; Fury 303/25,1343,116,"WARRIOR applied Spell Reflection 1343 times under 385391, which is not listed (rule evidence).",high,add|defensives|WARRIOR|spell reflection|385391,Approved,
R0032,403876,Divine Protection,correction-add,PALADIN,defensives,defensives,Retribution 1268/139,1268,139,"PALADIN applied Divine Protection 1268 times under 403876, which is not listed (rule evidence).",high,add|defensives|PALADIN|divine protection|403876,Approved,
R0035,1260617,Soothing Mist,correction-add,MONK,healing,healing,Mistweaver 948/7,948,7,"MONK applied Soothing Mist 948 times under 1260617, which is not listed (rule evidence).",high,add|healing|MONK|soothing mist|1260617,Approved,
R0036,186258,Aspect of the Cheetah,correction-add,HUNTER,movement,movement,Beast Mastery 520/104; Survival 160/29; Marksmanship 89/20,769,151,"HUNTER applied Aspect of the Cheetah 769 times under 186258, which is not listed (rule evidence).",high,add|movement|HUNTER|aspect of the cheetah|186258,Approved,
R0037,1227806,Lifebloom,correction-add,DRUID,healing,healing,Restoration 740/16,740,16,"DRUID applied Lifebloom 740 times under 1227806, which is not listed (rule evidence).",high,add|healing|DRUID|lifebloom|1227806,Approved,
R0038,116706,Disable,correction-add,MONK,softCC,softCC,Windwalker 678/28,678,28,"MONK applied Disable 678 times under 116706, which is not listed (rule evidence).",high,add|softCC|MONK|disable|116706,Approved,
R0040,187827,Metamorphosis,correction-add,DEMONHUNTER,offensiveCDs,offensiveCDs,Vengeance 593/30,593,30,"DEMONHUNTER applied Metamorphosis 593 times under 187827, which is not listed (rule evidence).",high,add|offensiveCDs|DEMONHUNTER|metamorphosis|187827,Approved,
R0042,374349,Renewing Blaze,correction-add,EVOKER,defensives,defensives,Augmentation 245/27; Preservation 161/20; Devastation 160/23,566,70,"374348 never applied by any EVOKER player, while 374349 applied Renewing Blaze 566 times (rule evidence).",high,replace|defensives|EVOKER|renewing blaze|374349,Approved,
R0043,427773,Blind,correction-add,ROGUE,hardCC,hardCC,Outlaw 229/4; Assassination 184/14; Subtlety 132/8,545,26,"ROGUE applied Blind 545 times under 427773, which is not listed (rule evidence).",high,add|hardCC|ROGUE|blind|427773,Approved,
R0044,212641,Guardian of Ancient Kings,correction-add,PALADIN,defensives,defensives,Protection 72/7,72,7,"PALADIN applied Guardian of Ancient Kings 510 times under 212641, 393108, which is not listed (rule evidence).",high,"add|defensives|PALADIN|guardian of ancient kings|212641,393108",Approved,
R0045,393108,Guardian of Ancient Kings,correction-add,PALADIN,defensives,defensives,Protection 438/57,438,57,"PALADIN applied Guardian of Ancient Kings 510 times under 212641, 393108, which is not listed (rule evidence).",high,"add|defensives|PALADIN|guardian of ancient kings|212641,393108",Approved,Triggered by Gift of the Golden Val'kyr (378279)
R0046,383648,Earth Shield,correction-add,SHAMAN,healing,healing,Restoration 295/34; Elemental 155/48; Enhancement 40/17,490,97,"SHAMAN applied Earth Shield 490 times under 383648, which is not listed (rule evidence).",high,add|healing|SHAMAN|earth shield|383648,Approved,
R0048,200196,Holy Word: Chastise,correction-add,PRIEST,hardCC,hardCC,Holy 400/38,400,38,"PRIEST applied Holy Word: Chastise 400 times under 200196, which is not listed (rule evidence).",high,add|hardCC|PRIEST|holy word: chastise|200196,Approved,
R0049,381732,Blessing of the Bronze,correction-add,EVOKER,support,support,Augmentation 25/8; Devastation 14/8; Preservation 12/8,51,24,"EVOKER applied Blessing of the Bronze 380 times under 381732, 381741, 381746, 381749, 381750, 381751, 381752, 381756, 381757, which is not listed (rule evidence).",high,"add|support|EVOKER|blessing of the bronze|381732,381741,381746,381749,381750,381751,381752,381756,381757",Approved,"But make a note of this, we'll create a new category called ""Group buffs"" which will contain buffs such as this, Mark of the Wild, Arcane Intellect, etc"
R0050,381741,Blessing of the Bronze,correction-add,EVOKER,support,support,Augmentation 21/8; Devastation 15/6; Preservation 8/5,44,19,"EVOKER applied Blessing of the Bronze 380 times under 381732, 381741, 381746, 381749, 381750, 381751, 381752, 381756, 381757, which is not listed (rule evidence).",high,"add|support|EVOKER|blessing of the bronze|381732,381741,381746,381749,381750,381751,381752,381756,381757",Approved,"But make a note of this, we'll create a new category called ""Group buffs"" which will contain buffs such as this, Mark of the Wild, Arcane Intellect, etc"
R0051,381746,Blessing of the Bronze,correction-add,EVOKER,support,support,Augmentation 43/8; Preservation 13/4; Devastation 7/4,63,16,"EVOKER applied Blessing of the Bronze 380 times under 381732, 381741, 381746, 381749, 381750, 381751, 381752, 381756, 381757, which is not listed (rule evidence).",high,"add|support|EVOKER|blessing of the bronze|381732,381741,381746,381749,381750,381751,381752,381756,381757",Approved,"But make a note of this, we'll create a new category called ""Group buffs"" which will contain buffs such as this, Mark of the Wild, Arcane Intellect, etc"
R0052,381749,Blessing of the Bronze,correction-add,EVOKER,support,support,Augmentation 20/8; Preservation 14/6; Devastation 7/4,41,18,"EVOKER applied Blessing of the Bronze 380 times under 381732, 381741, 381746, 381749, 381750, 381751, 381752, 381756, 381757, which is not listed (rule evidence).",high,"add|support|EVOKER|blessing of the bronze|381732,381741,381746,381749,381750,381751,381752,381756,381757",Approved,"But make a note of this, we'll create a new category called ""Group buffs"" which will contain buffs such as this, Mark of the Wild, Arcane Intellect, etc"
R0053,381750,Blessing of the Bronze,correction-add,EVOKER,support,support,Preservation 17/8; Augmentation 11/3; Devastation 4/3,32,14,"EVOKER applied Blessing of the Bronze 380 times under 381732, 381741, 381746, 381749, 381750, 381751, 381752, 381756, 381757, which is not listed (rule evidence).",high,"add|support|EVOKER|blessing of the bronze|381732,381741,381746,381749,381750,381751,381752,381756,381757",Approved,"But make a note of this, we'll create a new category called ""Group buffs"" which will contain buffs such as this, Mark of the Wild, Arcane Intellect, etc"
R0054,381751,Blessing of the Bronze,correction-add,EVOKER,support,support,Devastation 13/4; Augmentation 10/4; Preservation 1/1,24,9,"EVOKER applied Blessing of the Bronze 380 times under 381732, 381741, 381746, 381749, 381750, 381751, 381752, 381756, 381757, which is not listed (rule evidence).",high,"add|support|EVOKER|blessing of the bronze|381732,381741,381746,381749,381750,381751,381752,381756,381757",Approved,"But make a note of this, we'll create a new category called ""Group buffs"" which will contain buffs such as this, Mark of the Wild, Arcane Intellect, etc"
R0055,381752,Blessing of the Bronze,correction-add,EVOKER,support,support,Augmentation 14/8; Devastation 11/7; Preservation 6/4,31,19,"EVOKER applied Blessing of the Bronze 380 times under 381732, 381741, 381746, 381749, 381750, 381751, 381752, 381756, 381757, which is not listed (rule evidence).",high,"add|support|EVOKER|blessing of the bronze|381732,381741,381746,381749,381750,381751,381752,381756,381757",Approved,"But make a note of this, we'll create a new category called ""Group buffs"" which will contain buffs such as this, Mark of the Wild, Arcane Intellect, etc"
R0056,381756,Blessing of the Bronze,correction-add,EVOKER,support,support,Devastation 16/7; Augmentation 9/4; Preservation 3/2,28,13,"EVOKER applied Blessing of the Bronze 380 times under 381732, 381741, 381746, 381749, 381750, 381751, 381752, 381756, 381757, which is not listed (rule evidence).",high,"add|support|EVOKER|blessing of the bronze|381732,381741,381746,381749,381750,381751,381752,381756,381757",Approved,"But make a note of this, we'll create a new category called ""Group buffs"" which will contain buffs such as this, Mark of the Wild, Arcane Intellect, etc"
R0057,381757,Blessing of the Bronze,correction-add,EVOKER,support,support,Augmentation 39/8; Preservation 20/9; Devastation 7/3,66,20,"EVOKER applied Blessing of the Bronze 380 times under 381732, 381741, 381746, 381749, 381750, 381751, 381752, 381756, 381757, which is not listed (rule evidence).",high,"add|support|EVOKER|blessing of the bronze|381732,381741,381746,381749,381750,381751,381752,381756,381757",Approved,"But make a note of this, we'll create a new category called ""Group buffs"" which will contain buffs such as this, Mark of the Wild, Arcane Intellect, etc"
R0059,370970,The Hunt,correction-add,DEMONHUNTER,softCC,softCC,Havoc 166/41; Devourer 97/11,263,51,"323996 never applied by any DEMONHUNTER player, while 370970 applied The Hunt 263 times (rule evidence).",high,replace|softCC|DEMONHUNTER|the hunt|370970,Approved,
R0060,122470,Touch of Karma,correction-add,MONK,defensives,defensives,Windwalker 238/41,238,41,"MONK applied Touch of Karma 238 times under 122470, which is not listed (rule evidence).",high,add|defensives|MONK|touch of karma|122470,Approved,
R0061,1258508,Intimidation,correction-add,HUNTER,hardCC,hardCC,Marksmanship 201/9,201,9,"HUNTER applied Intimidation 201 times under 1258508, which is not listed (rule evidence).",high,add|hardCC|HUNTER|intimidation|1258508,Approved,
R0064,252071,Incarnation: Avatar of Ashamane,correction-add,DRUID,offensiveCDs,offensiveCDs,Feral 32/3,32,3,"DRUID applied Incarnation: Avatar of Ashamane 32 times under 252071, which is not listed (rule evidence).",high,add|offensiveCDs|DRUID|incarnation: avatar of ashamane|252071,Approved,
R0027,231895,Avenging Wrath,deletion,PALADIN,offensiveCDs,,,0,0,"231895 never applied by any PALADIN player, while 454351 applied Avenging Wrath 2102 times (rule evidence).",high,replace|offensiveCDs|PALADIN|avenging wrath|454351,Approved,
R0041,374348,Renewing Blaze,deletion,EVOKER,defensives,,,0,0,"374348 never applied by any EVOKER player, while 374349 applied Renewing Blaze 566 times (rule evidence).",high,replace|defensives|EVOKER|renewing blaze|374349,Approved,
R0058,323996,The Hunt,deletion,DEMONHUNTER,softCC,,,0,0,"323996 never applied by any DEMONHUNTER player, while 370970 applied The Hunt 263 times (rule evidence).",high,replace|softCC|DEMONHUNTER|the hunt|370970,Approved,
R0226,378990,Lycara's Teachings,addition,DRUID,,offensiveCDs,Restoration 998/50; Feral 348/28; Balance 266/46; Guardian 153/32,1765,156,"100% self-applied, DB2 says it raises a primary stat, recast about 70.94s → Offensive cooldowns (rule R3).",high,addition|offensiveCDs|DRUID|lycara's teachings|378990,Rejected,
R0227,207640,Abundance,addition,DRUID,,offensiveCDs,Restoration 1633/61,1633,61,"100% self-applied, DB2 says it raises critical strike, recast about 92.28s → Offensive cooldowns (rule R3).",high,addition|offensiveCDs|DRUID|abundance|207640,Rejected,
R0246,154797,Touch of Elune - Night,addition,DRUID,,offensiveCDs,Balance 39/3; Restoration 29/3; Guardian 11/5; Feral 1/1,80,12,"100% self-applied, DB2 says it raises haste, recast about 842.76s → Offensive cooldowns (rule R3).",high,addition|offensiveCDs|DRUID|touch of elune - night|154797,Rejected,
R0247,154796,Touch of Elune - Day,addition,DRUID,,offensiveCDs,Restoration 43/10; Balance 17/7; Guardian 9/6; Feral 6/4,75,27,"100% self-applied, DB2 says it raises critical strike, recast about 566.16s → Offensive cooldowns (rule R3).",high,addition|offensiveCDs|DRUID|touch of elune - day|154796,Rejected,
R0248,26297,Berserking,addition,DRUID,,offensiveCDs,Balance 42/7; Guardian 18/3; Feral 7/1; Restoration 7/2,74,13,"100% self-applied, DB2 says it raises haste, recast about 243.78s → Offensive cooldowns (rule R3).",high,addition|offensiveCDs|DRUID|berserking|26297,Rejected,Racial ability
R0238,1271783,Rising Fury,addition,EVOKER,,offensiveCDs,Devastation 185/22,185,22,"100% self-applied, DB2 says it raises haste, recast about 136.33s → Offensive cooldowns (rule R3).",high,addition|offensiveCDs|EVOKER|rising fury|1271783,Rejected,
R0240,431698,Temporal Burst,addition,EVOKER,,offensiveCDs,Preservation 81/10; Augmentation 62/3,143,13,"100% self-applied, DB2 says it raises haste, recast about 109.96s → Offensive cooldowns (rule R3).",high,addition|offensiveCDs|EVOKER|temporal burst|431698,Approved,
R0243,431991,Time Convergence,addition,EVOKER,,offensiveCDs,Preservation 124/7,124,7,"100% self-applied, DB2 says it raises a primary stat, recast about 60.71s → Offensive cooldowns (rule R3).",high,addition|offensiveCDs|EVOKER|time convergence|431991,Rejected,
R0250,1271799,Risen Fury,addition,EVOKER,,offensiveCDs,Devastation 68/11,68,11,"100% self-applied, DB2 says it raises haste, recast about 137.38s → Offensive cooldowns (rule R3).",high,addition|offensiveCDs|EVOKER|risen fury|1271799,Rejected,
R0241,383874,Hyperthermia,addition,MAGE,,offensiveCDs,Fire 131/8,131,8,"100% self-applied, DB2 says it raises critical strike, recast about 65.31s → Offensive cooldowns (rule R3).",high,addition|offensiveCDs|MAGE|hyperthermia|383874,Rejected,
R0249,1260277,Lesser Time Warp,addition,MAGE,,offensiveCDs,Fire 71/6,71,6,"100% self-applied, DB2 says it raises haste, recast about 72.66s → Offensive cooldowns (rule R3).",high,addition|offensiveCDs|MAGE|lesser time warp|1260277,Rejected,
R0251,26297,Berserking,addition,MAGE,,offensiveCDs,Arcane 27/5; Frost 24/5,51,9,"100% self-applied, DB2 says it raises haste, recast about 231.38s → Offensive cooldowns (rule R3).",high,addition|offensiveCDs|MAGE|berserking|26297,Rejected,Racial - troll
R0233,1238904,Heart of the Jade Serpent,addition,MONK,,offensiveCDs,Mistweaver 401/28; Windwalker 94/4,495,32,"100% self-applied, DB2 says it raises haste, recast about 131.39s → Offensive cooldowns (rule R3).",high,addition|offensiveCDs|MONK|heart of the jade serpent|1238904,Rejected,
R0234,443616,Heart of the Jade Serpent,addition,MONK,,offensiveCDs,Mistweaver 394/30; Windwalker 62/4,456,34,"100% self-applied, DB2 says it raises haste, recast about 155.53s → Offensive cooldowns (rule R3).",high,addition|offensiveCDs|MONK|heart of the jade serpent|443616,Rejected,
R0237,1252818,Akil'zon's Cry of Victory,addition,MONK,,offensiveCDs,Windwalker 181/12; Brewmaster 20/2,201,14,"100% self-applied, DB2 says it raises a secondary stat, recast about 60.24s → Offensive cooldowns (rule R3).",high,addition|offensiveCDs|MONK|akil'zon's cry of victory|1252818,Rejected,
R0235,1252818,Akil'zon's Cry of Victory,addition,PALADIN,,offensiveCDs,Retribution 354/21; Protection 45/3; Holy 7/1,406,25,"100% self-applied, DB2 says it raises a secondary stat, recast about 67.28s → Offensive cooldowns (rule R3).",high,addition|offensiveCDs|PALADIN|akil'zon's cry of victory|1252818,Rejected,
R0231,373316,Idol of Y'Shaarj,addition,PRIEST,,offensiveCDs,Shadow 1291/46,1291,46,"100% self-applied, DB2 says it raises haste, recast about 60.07s → Offensive cooldowns (rule R3).",high,addition|offensiveCDs|PRIEST|idol of y'shaarj|373316,Approved,
R0239,1304485,Ancient Madness,addition,PRIEST,,offensiveCDs,Shadow 161/17,161,17,"100% self-applied, DB2 says it raises haste, recast about 139.9s → Offensive cooldowns (rule R3).",high,addition|offensiveCDs|PRIEST|ancient madness|1304485,Rejected,
R0244,457273,Lingering Darkness,addition,ROGUE,,offensiveCDs,Subtlety 62/5; Assassination 38/6,100,11,"100% self-applied, DB2 says it raises damage done, recast about 107.88s → Offensive cooldowns (rule R3).",high,addition|offensiveCDs|ROGUE|lingering darkness|457273,Rejected,
R0253,1214937,Jackpot,addition,ROGUE,,offensiveCDs,Outlaw 47/13,47,13,"100% self-applied, DB2 says it raises critical strike, recast about 230.25s → Offensive cooldowns (rule R3).",high,addition|offensiveCDs|ROGUE|jackpot|1214937,Rejected,
R0252,26297,Berserking,addition,SHAMAN,,offensiveCDs,Elemental 39/7; Enhancement 10/2; Restoration 1/1,50,10,"100% self-applied, DB2 says it raises haste, recast about 207.3s → Offensive cooldowns (rule R3).",high,addition|offensiveCDs|SHAMAN|berserking|26297,Rejected,Racial - troll
R0225,1276767,Tyrant's Oblation,addition,WARLOCK,,offensiveCDs,Demonology 1900/110,1900,110,"100% self-applied, DB2 says it raises haste, recast about 78.87s → Offensive cooldowns (rule R3).",high,addition|offensiveCDs|WARLOCK|tyrant's oblation|1276767,Approved,
R0224,1270731,Violent Euphoria,addition,WARRIOR,,offensiveCDs,Arms 1732/53; Fury 232/13,1964,66,"100% self-applied, DB2 says it raises haste, recast about 61.42s → Offensive cooldowns (rule R3).",high,addition|offensiveCDs|WARRIOR|violent euphoria|1270731,Rejected,
R0242,386164,Battle Stance,addition,WARRIOR,,offensiveCDs,Arms 108/29; Protection 18/3,126,32,"100% self-applied, DB2 says it raises critical strike, recast about 103.74s → Offensive cooldowns (rule R3).",high,addition|offensiveCDs|WARRIOR|battle stance|386164,Rejected,
R0222,1243972,Void-touched Drums,addition,DRUID,,raidCDs,Restoration 29/3; Guardian 5/1,34,4,88% of applications land on 5+ players at once (6 bursts) and DB2 says it raises haste for the whole group → Raid cooldowns (rule R2).,high,addition|raidCDs|DRUID|void-touched drums|1243972,Approved,Consumable mini bloodlust - not class specific
R0207,373862,Temporal Anomaly,addition,EVOKER,,raidCDs,Preservation 5209/16,5209,16,49% of applications land on 5+ players at once (448 bursts) and DB2 says it absorbs damage → Raid cooldowns (rule R2).,high,addition|raidCDs|EVOKER|temporal anomaly|373862,Rejected,Move to Healing spells
R0208,355941,Dream Breath,addition,EVOKER,,raidCDs,Preservation 3819/22,3819,22,46% of applications land on 5+ players at once (353 bursts) and DB2 says it heals over time → Raid cooldowns (rule R2).,high,addition|raidCDs|EVOKER|dream breath|355941,Rejected,Move to Healing spells
R0209,1291636,Temporal Barrier,addition,EVOKER,,raidCDs,Preservation 1501/6,1501,6,75% of applications land on 5+ players at once (223 bursts) and DB2 says it absorbs damage → Raid cooldowns (rule R2).,high,addition|raidCDs|EVOKER|temporal barrier|1291636,Rejected,Move to Healing spells
R0211,376788,Dream Breath,addition,EVOKER,,raidCDs,Preservation 1228/22,1228,22,53% of applications land on 5+ players at once (129 bursts) and DB2 says it heals over time → Raid cooldowns (rule R2).,high,addition|raidCDs|EVOKER|dream breath|376788,Rejected,Move to Healing spells
R0213,409895,Verdant Embrace,addition,EVOKER,,raidCDs,Preservation 753/10,753,10,39% of applications land on 5+ players at once (58 bursts) and DB2 says it heals over time → Raid cooldowns (rule R2).,high,addition|raidCDs|EVOKER|verdant embrace|409895,Rejected,Move to Healing spells
R0215,409678,Chrono Ward,addition,EVOKER,,raidCDs,Augmentation 680/12,680,12,37% of applications land on 5+ players at once (14 bursts) and DB2 says it absorbs damage → Raid cooldowns (rule R2).,high,addition|raidCDs|EVOKER|chrono ward|409678,Rejected,Move to Healing spells
R0216,363534,Rewind,addition,EVOKER,,raidCDs,Preservation 516/17,516,17,49% of applications land on 5+ players at once (43 bursts) and DB2 says it heals over time → Raid cooldowns (rule R2).,high,addition|raidCDs|EVOKER|rewind|363534,Rejected,Move to Healing spells
R0218,1263727,Litany of Lightblind Wrath,addition,EVOKER,,raidCDs,Preservation 193/3; Augmentation 81/1,274,4,65% of applications land on 5+ players at once (35 bursts) and DB2 says it absorbs damage → Raid cooldowns (rule R2).,high,addition|raidCDs|EVOKER|litany of lightblind wrath|1263727,Rejected,
R0219,404381,Defy Fate,addition,EVOKER,,raidCDs,Augmentation 208/22,208,22,82% of applications land on 5+ players at once (34 bursts) and DB2 says it heals over time → Raid cooldowns (rule R2).,high,addition|raidCDs|EVOKER|defy fate|404381,Rejected,
R0220,466904,Harrier's Cry,addition,HUNTER,,raidCDs,Marksmanship 127/12,127,12,94% of applications land on 5+ players at once (24 bursts) and DB2 says it raises haste for the whole group → Raid cooldowns (rule R2).,high,addition|raidCDs|HUNTER|harrier's cry|466904,Approved,Bloodlust variant
R0206,443113,Strength of the Black Ox,addition,MONK,,raidCDs,Mistweaver 8601/31,8601,31,86% of applications land on 5+ players at once (1481 bursts) and DB2 says it absorbs damage → Raid cooldowns (rule R2).,high,addition|raidCDs|MONK|strength of the black ox|443113,Rejected,Move to Healing spells
R0210,406220,Chi Cocoon,addition,MONK,,raidCDs,Mistweaver 1319/30,1319,30,88% of applications land on 5+ players at once (232 bursts) and DB2 says it absorbs damage → Raid cooldowns (rule R2).,high,addition|raidCDs|MONK|chi cocoon|406220,Rejected,Move to Healing spells
R0214,1260681,Chi Cocoon,addition,MONK,,raidCDs,Mistweaver 707/7,707,7,44% of applications land on 5+ players at once (62 bursts) and DB2 says it absorbs damage → Raid cooldowns (rule R2).,high,addition|raidCDs|MONK|chi cocoon|1260681,Rejected,Move to Healing spells
R0212,414407,Veneration,addition,PALADIN,,raidCDs,Holy 976/3,976,3,55% of applications land on 5+ players at once (108 bursts) and DB2 says it absorbs damage → Raid cooldowns (rule R2).,high,addition|raidCDs|PALADIN|veneration|414407,Rejected,
R0217,1263727,Litany of Lightblind Wrath,addition,PRIEST,,raidCDs,Holy 402/2; Discipline 28/1,430,3,74% of applications land on 5+ players at once (64 bursts) and DB2 says it absorbs damage → Raid cooldowns (rule R2).,high,addition|raidCDs|PRIEST|litany of lightblind wrath|1263727,Rejected,
R0223,1243972,Void-touched Drums,addition,ROGUE,,raidCDs,Subtlety 15/2; Assassination 10/1,25,3,100% of applications land on 5+ players at once (5 bursts) and DB2 says it raises haste for the whole group → Raid cooldowns (rule R2).,high,addition|raidCDs|ROGUE|void-touched drums|1243972,Approved,Consumable mini bloodlust - not class specific
R0221,1243972,Void-touched Drums,addition,WARLOCK,,raidCDs,Destruction 61/2; Demonology 15/2,76,4,99% of applications land on 5+ players at once (15 bursts) and DB2 says it raises haste for the whole group → Raid cooldowns (rule R2).,high,addition|raidCDs|WARLOCK|void-touched drums|1243972,Approved,Consumable mini bloodlust - not class specific
R0280,1229746,Arcanoweave Insight,addition,DEATHKNIGHT,,support,Blood 1443/23; Unholy 1077/28; Frost 213/6,2733,57,"99% of applications go to one other player (Blizzard's EXTERNAL_DEFENSIVE tag is not readable offline, so an external defensive is not excluded) → Support (rule R5).",medium,addition|support|DEATHKNIGHT|arcanoweave insight|1229746,Rejected,
R0309,1287665,Rune of Lingering,addition,DEATHKNIGHT,,support,Blood 243/26; Unholy 236/19; Frost 5/5,484,49,"79% of applications go to one other player (Blizzard's EXTERNAL_DEFENSIVE tag is not readable offline, so an external defensive is not excluded) → Support (rule R5).",medium,addition|support|DEATHKNIGHT|rune of lingering|1287665,Rejected,
R0317,454863,Lesser Anti-Magic Shell,addition,DEATHKNIGHT,,support,Frost 188/12; Unholy 60/6; Blood 8/2,256,20,"84% of applications go to one other player (Blizzard's EXTERNAL_DEFENSIVE tag is not readable offline, so an external defensive is not excluded) → Support (rule R5).",medium,addition|support|DEATHKNIGHT|lesser anti-magic shell|454863,Approved,
R0321,1266300,Fanatically Inspired,addition,DEATHKNIGHT,,support,Frost 77/1; Blood 68/2; Unholy 57/2,202,5,"100% of applications go to one other player (Blizzard's EXTERNAL_DEFENSIVE tag is not readable offline, so an external defensive is not excluded) → Support (rule R5).",medium,addition|support|DEATHKNIGHT|fanatically inspired|1266300,Rejected,
R0333,434107,Vampiric Aura,addition,DEATHKNIGHT,,support,Blood 142/6,142,6,"100% of applications go to one other player (Blizzard's EXTERNAL_DEFENSIVE tag is not readable offline, so an external defensive is not excluded) → Support (rule R5).",medium,addition|support|DEATHKNIGHT|vampiric aura|434107,Rejected,
R0359,474754,Symbiotic Relationship,addition,DEATHKNIGHT,,support,Blood 28/7; Frost 1/1,29,8,"100% of applications go to one other player (Blizzard's EXTERNAL_DEFENSIVE tag is not readable offline, so an external defensive is not excluded) → Support (rule R5).",medium,addition|support|DEATHKNIGHT|symbiotic relationship|474754,Approved,This is a druid ability applied to others
R0362,434493,Newly Turned,addition,DEATHKNIGHT,,support,Blood 21/10,21,10,"100% of applications go to one other player (Blizzard's EXTERNAL_DEFENSIVE tag is not readable offline, so an external defensive is not excluded) → Support (rule R5).",medium,addition|support|DEATHKNIGHT|newly turned|434493,Rejected,
R0278,1229746,Arcanoweave Insight,addition,DEMONHUNTER,,support,Devourer 2120/56; Havoc 602/20; Vengeance 266/8,2988,82,"98% of applications go to one other player (Blizzard's EXTERNAL_DEFENSIVE tag is not readable offline, so an external defensive is not excluded) → Support (rule R5).",medium,addition|support|DEMONHUNTER|arcanoweave insight|1229746,Rejected,
R0284,1287665,Rune of Lingering,addition,DEMONHUNTER,,support,Vengeance 1024/14; Devourer 764/19; Havoc 289/11,2077,43,"83% of applications go to one other player (Blizzard's EXTERNAL_DEFENSIVE tag is not readable offline, so an external defensive is not excluded) → Support (rule R5).",medium,addition|support|DEMONHUNTER|rune of lingering|1287665,Rejected,
R0331,1266300,Fanatically Inspired,addition,DEMONHUNTER,,support,Devourer 75/2; Havoc 49/2; Vengeance 21/1,145,5,"100% of applications go to one other player (Blizzard's EXTERNAL_DEFENSIVE tag is not readable offline, so an external defensive is not excluded) → Support (rule R5).",medium,addition|support|DEMONHUNTER|fanatically inspired|1266300,Rejected,
R0264,439530,Symbiotic Blooms,addition,DRUID,,support,Restoration 11974/52; Feral 20/1,11994,53,"83% of applications go to one other player (Blizzard's EXTERNAL_DEFENSIVE tag is not readable offline, so an external defensive is not excluded) → Support (rule R5).",medium,addition|support|DRUID|symbiotic blooms|439530,Rejected,
R0272,1287665,Rune of Lingering,addition,DRUID,,support,Restoration 3117/18; Guardian 773/27; Feral 151/11; Balance 51/17,4092,73,"78% of applications go to one other player (Blizzard's EXTERNAL_DEFENSIVE tag is not readable offline, so an external defensive is not excluded) → Support (rule R5).",medium,addition|support|DRUID|rune of lingering|1287665,Rejected,
R0279,1229746,Arcanoweave Insight,addition,DRUID,,support,Balance 1475/21; Guardian 889/21; Feral 312/8; Restoration 273/7,2949,57,"97% of applications go to one other player (Blizzard's EXTERNAL_DEFENSIVE tag is not readable offline, so an external defensive is not excluded) → Support (rule R5).",medium,addition|support|DRUID|arcanoweave insight|1229746,Rejected,
R0289,1263447,Duskwraith's Infusion,addition,DRUID,,support,Restoration 1516/6,1516,6,"76% of applications go to one other player (Blizzard's EXTERNAL_DEFENSIVE tag is not readable offline, so an external defensive is not excluded) → Support (rule R5).",medium,addition|support|DRUID|duskwraith's infusion|1263447,Rejected,
R0305,102342,Ironbark,addition,DRUID,,support,Restoration 571/54,571,54,"94% of applications go to one other player (Blizzard's EXTERNAL_DEFENSIVE tag is not readable offline, so an external defensive is not excluded) → Support (rule R5).",medium,addition|support|DRUID|ironbark|102342,Rejected,Move to defensive cooldowns
R0306,1223453,Ethereal Guard,addition,DRUID,,support,Restoration 552/4,552,4,"80% of applications go to one other player (Blizzard's EXTERNAL_DEFENSIVE tag is not readable offline, so an external defensive is not excluded) → Support (rule R5).",medium,addition|support|DRUID|ethereal guard|1223453,Rejected,
R0319,1242003,Worldsoul Cradle,addition,DRUID,,support,Restoration 225/3,225,3,"72% of applications go to one other player (Blizzard's EXTERNAL_DEFENSIVE tag is not readable offline, so an external defensive is not excluded) → Support (rule R5).",medium,addition|support|DRUID|worldsoul cradle|1242003,Rejected,
R0325,1266300,Fanatically Inspired,addition,DRUID,,support,Balance 56/1; Restoration 51/1; Feral 37/1; Guardian 34/2,178,5,"100% of applications go to one other player (Blizzard's EXTERNAL_DEFENSIVE tag is not readable offline, so an external defensive is not excluded) → Support (rule R5).",medium,addition|support|DRUID|fanatically inspired|1266300,Rejected,
R0337,1307578,Soulcoil Barrier,addition,DRUID,,support,Restoration 123/3,123,3,"82% of applications go to one other player (Blizzard's EXTERNAL_DEFENSIVE tag is not readable offline, so an external defensive is not excluded) → Support (rule R5).",medium,addition|support|DRUID|soulcoil barrier|1307578,Rejected,
R0343,1255367,Tangle of Vibrant Vines,addition,DRUID,,support,Restoration 95/4,95,4,"80% of applications go to one other player (Blizzard's EXTERNAL_DEFENSIVE tag is not readable offline, so an external defensive is not excluded) → Support (rule R5).",medium,addition|support|DRUID|tangle of vibrant vines|1255367,Rejected,
R0344,474750,Symbiotic Relationship,addition,DRUID,,support,Restoration 78/31; Guardian 3/3,81,34,"100% of applications go to one other player (Blizzard's EXTERNAL_DEFENSIVE tag is not readable offline, so an external defensive is not excluded) → Support (rule R5).",medium,addition|support|DRUID|symbiotic relationship|474750,Approved,This is a druid ability applied to others
R0345,383799,Time To Shine!,addition,DRUID,,support,Restoration 81/4,81,4,"100% of applications go to one other player (Blizzard's EXTERNAL_DEFENSIVE tag is not readable offline, so an external defensive is not excluded) → Support (rule R5).",medium,addition|support|DRUID|time to shine!|383799,Rejected,
R0283,413984,Shifting Sands,addition,EVOKER,,support,Augmentation 2211/29,2211,29,"98% of applications go to one other player (Blizzard's EXTERNAL_DEFENSIVE tag is not readable offline, so an external defensive is not excluded) → Support (rule R5).",medium,addition|support|EVOKER|shifting sands|413984,Approved,
R0292,410263,Inferno's Blessing,addition,EVOKER,,support,Augmentation 1134/29,1134,29,"79% of applications go to one other player (Blizzard's EXTERNAL_DEFENSIVE tag is not readable offline, so an external defensive is not excluded) → Support (rule R5).",medium,addition|support|EVOKER|inferno's blessing|410263,Rejected,
R0294,1229746,Arcanoweave Insight,addition,EVOKER,,support,Augmentation 372/9; Devastation 345/8; Preservation 318/8,1035,25,"98% of applications go to one other player (Blizzard's EXTERNAL_DEFENSIVE tag is not readable offline, so an external defensive is not excluded) → Support (rule R5).",medium,addition|support|EVOKER|arcanoweave insight|1229746,Rejected,
R0301,1287665,Rune of Lingering,addition,EVOKER,,support,Preservation 672/8; Devastation 51/9; Augmentation 50/4,773,21,"80% of applications go to one other player (Blizzard's EXTERNAL_DEFENSIVE tag is not readable offline, so an external defensive is not excluded) → Support (rule R5).",medium,addition|support|EVOKER|rune of lingering|1287665,Rejected,
R0304,373267,Lifebind,addition,EVOKER,,support,Preservation 616/22,616,22,"74% of applications go to one other player (Blizzard's EXTERNAL_DEFENSIVE tag is not readable offline, so an external defensive is not excluded) → Support (rule R5).",medium,addition|support|EVOKER|lifebind|373267,Rejected,Move to healing spells
R0322,357170,Time Dilation,addition,EVOKER,,support,Preservation 190/20,190,20,"92% of applications go to one other player (Blizzard's EXTERNAL_DEFENSIVE tag is not readable offline, so an external defensive is not excluded) → Support (rule R5).",medium,addition|support|EVOKER|time dilation|357170,Rejected,Move to defensive cooldown
R0334,403295,Black Attunement,addition,EVOKER,,support,Augmentation 130/4,130,4,"100% of applications go to one other player (Blizzard's EXTERNAL_DEFENSIVE tag is not readable offline, so an external defensive is not excluded) → Support (rule R5).",medium,addition|support|EVOKER|black attunement|403295,Rejected,
R0351,360827,Blistering Scales,addition,EVOKER,,support,Augmentation 57/11,57,11,"79% of applications go to one other player (Blizzard's EXTERNAL_DEFENSIVE tag is not readable offline, so an external defensive is not excluded) → Support (rule R5).",medium,addition|support|EVOKER|blistering scales|360827,Approved,
R0354,375253,Time Spiral,addition,EVOKER,,support,Augmentation 24/6; Devastation 21/6,45,12,"100% of applications go to one other player (Blizzard's EXTERNAL_DEFENSIVE tag is not readable offline, so an external defensive is not excluded) → Support (rule R5).",medium,addition|support|EVOKER|time spiral|375253,Approved,
R0355,375230,Time Spiral,addition,EVOKER,,support,Augmentation 30/5; Devastation 10/4,40,9,"100% of applications go to one other player (Blizzard's EXTERNAL_DEFENSIVE tag is not readable offline, so an external defensive is not excluded) → Support (rule R5).",medium,addition|support|EVOKER|time spiral|375230,Approved,
R0356,375226,Time Spiral,addition,EVOKER,,support,Devastation 19/6; Augmentation 16/6,35,12,"100% of applications go to one other player (Blizzard's EXTERNAL_DEFENSIVE tag is not readable offline, so an external defensive is not excluded) → Support (rule R5).",medium,addition|support|EVOKER|time spiral|375226,Approved,
R0357,375229,Time Spiral,addition,EVOKER,,support,Augmentation 22/3; Devastation 12/3,34,6,"100% of applications go to one other player (Blizzard's EXTERNAL_DEFENSIVE tag is not readable offline, so an external defensive is not excluded) → Support (rule R5).",medium,addition|support|EVOKER|time spiral|375229,Approved,
R0361,375257,Time Spiral,addition,EVOKER,,support,Augmentation 20/5; Devastation 3/1,23,6,"100% of applications go to one other player (Blizzard's EXTERNAL_DEFENSIVE tag is not readable offline, so an external defensive is not excluded) → Support (rule R5).",medium,addition|support|EVOKER|time spiral|375257,Approved,
R0363,406789,Spatial Paradox,addition,EVOKER,,support,Augmentation 18/5; Devastation 2/2; Preservation 1/1,21,8,"95% of applications go to one other player (Blizzard's EXTERNAL_DEFENSIVE tag is not readable offline, so an external defensive is not excluded) → Support (rule R5).",medium,addition|support|EVOKER|spatial paradox|406789,Approved,
R0364,375256,Time Spiral,addition,EVOKER,,support,Devastation 15/4; Augmentation 6/3,21,7,"100% of applications go to one other player (Blizzard's EXTERNAL_DEFENSIVE tag is not readable offline, so an external defensive is not excluded) → Support (rule R5).",medium,addition|support|EVOKER|time spiral|375256,Approved,
R0287,1229746,Arcanoweave Insight,addition,HUNTER,,support,Beast Mastery 1350/34; Survival 195/3; Marksmanship 67/2,1612,38,"96% of applications go to one other player (Blizzard's EXTERNAL_DEFENSIVE tag is not readable offline, so an external defensive is not excluded) → Support (rule R5).",medium,addition|support|HUNTER|arcanoweave insight|1229746,Rejected,
R0293,34477,Misdirection,addition,HUNTER,,support,Beast Mastery 835/26; Survival 178/17; Marksmanship 116/12,1129,54,"89% of applications go to one other player (Blizzard's EXTERNAL_DEFENSIVE tag is not readable offline, so an external defensive is not excluded) → Support (rule R5).",medium,addition|support|HUNTER|misdirection|34477,Approved,
R0308,1287665,Rune of Lingering,addition,HUNTER,,support,Beast Mastery 444/49; Survival 66/9; Marksmanship 28/5,538,62,"79% of applications go to one other player (Blizzard's EXTERNAL_DEFENSIVE tag is not readable offline, so an external defensive is not excluded) → Support (rule R5).",medium,addition|support|HUNTER|rune of lingering|1287665,Rejected,
R0340,372014,Visage,addition,HUNTER,,support,Beast Mastery 67/3; Survival 30/1; Marksmanship 8/1,105,5,"99% of applications go to one other player (Blizzard's EXTERNAL_DEFENSIVE tag is not readable offline, so an external defensive is not excluded) → Support (rule R5).",medium,addition|support|HUNTER|visage|372014,Rejected,
R0348,1266300,Fanatically Inspired,addition,HUNTER,,support,Beast Mastery 48/2; Survival 29/1,77,3,"100% of applications go to one other player (Blizzard's EXTERNAL_DEFENSIVE tag is not readable offline, so an external defensive is not excluded) → Support (rule R5).",medium,addition|support|HUNTER|fanatically inspired|1266300,Rejected,
R0276,1229746,Arcanoweave Insight,addition,MAGE,,support,Arcane 1725/42; Frost 1557/39; Fire 98/3,3380,82,"95% of applications go to one other player (Blizzard's EXTERNAL_DEFENSIVE tag is not readable offline, so an external defensive is not excluded) → Support (rule R5).",medium,addition|support|MAGE|arcanoweave insight|1229746,Rejected,
R0335,1266300,Fanatically Inspired,addition,MAGE,,support,Arcane 104/3; Frost 25/1,129,4,"99% of applications go to one other player (Blizzard's EXTERNAL_DEFENSIVE tag is not readable offline, so an external defensive is not excluded) → Support (rule R5).",medium,addition|support|MAGE|fanatically inspired|1266300,Rejected,
R0277,1287665,Rune of Lingering,addition,MONK,,support,Mistweaver 2925/20; Brewmaster 341/7; Windwalker 13/6,3279,33,"83% of applications go to one other player (Blizzard's EXTERNAL_DEFENSIVE tag is not readable offline, so an external defensive is not excluded) → Support (rule R5).",medium,addition|support|MONK|rune of lingering|1287665,Rejected,
R0299,1229746,Arcanoweave Insight,addition,MONK,,support,Windwalker 403/11; Mistweaver 394/8; Brewmaster 96/3,893,22,"98% of applications go to one other player (Blizzard's EXTERNAL_DEFENSIVE tag is not readable offline, so an external defensive is not excluded) → Support (rule R5).",medium,addition|support|MONK|arcanoweave insight|1229746,Rejected,
R0312,116849,Life Cocoon,addition,MONK,,support,Mistweaver 357/31,357,31,"89% of applications go to one other player (Blizzard's EXTERNAL_DEFENSIVE tag is not readable offline, so an external defensive is not excluded) → Support (rule R5).",medium,addition|support|MONK|life cocoon|116849,Rejected,Move to defensive
R0338,1266300,Fanatically Inspired,addition,MONK,,support,Brewmaster 85/4; Mistweaver 29/1,114,5,"100% of applications go to one other player (Blizzard's EXTERNAL_DEFENSIVE tag is not readable offline, so an external defensive is not excluded) → Support (rule R5).",medium,addition|support|MONK|fanatically inspired|1266300,Rejected,
R0339,1307578,Soulcoil Barrier,addition,MONK,,support,Mistweaver 108/4,108,4,"78% of applications go to one other player (Blizzard's EXTERNAL_DEFENSIVE tag is not readable offline, so an external defensive is not excluded) → Support (rule R5).",medium,addition|support|MONK|soulcoil barrier|1307578,Rejected,
R0260,1245369,Beacon of the Savior,addition,PALADIN,,support,Holy 33709/68,33709,68,"79% of applications go to one other player (Blizzard's EXTERNAL_DEFENSIVE tag is not readable offline, so an external defensive is not excluded) → Support (rule R5).",medium,addition|support|PALADIN|beacon of the savior|1245369,Rejected,Move to healing spells
R0261,1244893,Beacon of the Savior,addition,PALADIN,,support,Holy 28438/68,28438,68,"80% of applications go to one other player (Blizzard's EXTERNAL_DEFENSIVE tag is not readable offline, so an external defensive is not excluded) → Support (rule R5).",medium,addition|support|PALADIN|beacon of the savior|1244893,Rejected,Move to healing spells
R0263,431415,Sun Sear,addition,PALADIN,,support,Holy 16657/59; Retribution 9/1,16666,59,"78% of applications go to one other player (Blizzard's EXTERNAL_DEFENSIVE tag is not readable offline, so an external defensive is not excluded) → Support (rule R5).",medium,addition|support|PALADIN|sun sear|431415,Rejected,
R0266,156322,Eternal Flame,addition,PALADIN,,support,Holy 7517/59; Retribution 458/30,7975,89,"71% of applications go to one other player (Blizzard's EXTERNAL_DEFENSIVE tag is not readable offline, so an external defensive is not excluded) → Support (rule R5).",medium,addition|support|PALADIN|eternal flame|156322,Rejected,Move to healing spells
R0267,157128,Saved by the Light,addition,PALADIN,,support,Holy 6837/7,6837,7,"78% of applications go to one other player (Blizzard's EXTERNAL_DEFENSIVE tag is not readable offline, so an external defensive is not excluded) → Support (rule R5).",medium,addition|support|PALADIN|saved by the light|157128,Rejected,
R0269,1287665,Rune of Lingering,addition,PALADIN,,support,Holy 3890/25; Protection 2144/33; Retribution 276/43,6310,101,"78% of applications go to one other player (Blizzard's EXTERNAL_DEFENSIVE tag is not readable offline, so an external defensive is not excluded) → Support (rule R5).",medium,addition|support|PALADIN|rune of lingering|1287665,Rejected,
R0270,1229746,Arcanoweave Insight,addition,PALADIN,,support,Holy 2024/30; Protection 1563/26; Retribution 1400/41,4987,97,"98% of applications go to one other player (Blizzard's EXTERNAL_DEFENSIVE tag is not readable offline, so an external defensive is not excluded) → Support (rule R5).",medium,addition|support|PALADIN|arcanoweave insight|1229746,Rejected,
R0274,1239091,Lesser Weapon,addition,PALADIN,,support,Protection 3024/46; Holy 574/9,3598,55,"96% of applications go to one other player (Blizzard's EXTERNAL_DEFENSIVE tag is not readable offline, so an external defensive is not excluded) → Support (rule R5).",medium,addition|support|PALADIN|lesser weapon|1239091,Rejected,
R0282,1241866,Glistening Radiance,addition,PALADIN,,support,Holy 2267/6,2267,6,"78% of applications go to one other player (Blizzard's EXTERNAL_DEFENSIVE tag is not readable offline, so an external defensive is not excluded) → Support (rule R5).",medium,addition|support|PALADIN|glistening radiance|1241866,Rejected,
R0286,432502,Sacred Weapon,addition,PALADIN,,support,Protection 1419/47; Holy 339/9,1758,56,"97% of applications go to one other player (Blizzard's EXTERNAL_DEFENSIVE tag is not readable offline, so an external defensive is not excluded) → Support (rule R5).",medium,addition|support|PALADIN|sacred weapon|432502,Rejected,
R0288,1239002,Lesser Bulwark,addition,PALADIN,,support,Protection 1151/42; Holy 420/9,1571,51,"96% of applications go to one other player (Blizzard's EXTERNAL_DEFENSIVE tag is not readable offline, so an external defensive is not excluded) → Support (rule R5).",medium,addition|support|PALADIN|lesser bulwark|1239002,Rejected,
R0290,461499,Overflowing Light,addition,PALADIN,,support,Holy 1280/8,1280,8,"79% of applications go to one other player (Blizzard's EXTERNAL_DEFENSIVE tag is not readable offline, so an external defensive is not excluded) → Support (rule R5).",medium,addition|support|PALADIN|overflowing light|461499,Rejected,
R0296,432496,Holy Bulwark,addition,PALADIN,,support,Protection 685/46; Holy 271/9,956,55,"91% of applications go to one other player (Blizzard's EXTERNAL_DEFENSIVE tag is not readable offline, so an external defensive is not excluded) → Support (rule R5).",medium,addition|support|PALADIN|holy bulwark|432496,Rejected,
R0300,1266300,Fanatically Inspired,addition,PALADIN,,support,Protection 393/5; Holy 300/1; Retribution 191/7,884,13,"100% of applications go to one other player (Blizzard's EXTERNAL_DEFENSIVE tag is not readable offline, so an external defensive is not excluded) → Support (rule R5).",medium,addition|support|PALADIN|fanatically inspired|1266300,Rejected,
R0310,6940,Blessing of Sacrifice,addition,PALADIN,,support,Protection 201/29; Holy 193/45; Retribution 83/32,477,105,"99% of applications go to one other player (Blizzard's EXTERNAL_DEFENSIVE tag is not readable offline, so an external defensive is not excluded) → Support (rule R5).",medium,addition|support|PALADIN|blessing of sacrifice|6940,Rejected,Move to defensive cooldowns
R0315,1263447,Duskwraith's Infusion,addition,PALADIN,,support,Holy 301/4,301,4,"70% of applications go to one other player (Blizzard's EXTERNAL_DEFENSIVE tag is not readable offline, so an external defensive is not excluded) → Support (rule R5).",medium,addition|support|PALADIN|duskwraith's infusion|1263447,Rejected,
R0323,387804,Echoing Protection,addition,PALADIN,,support,Holy 179/33,179,33,"95% of applications go to one other player (Blizzard's EXTERNAL_DEFENSIVE tag is not readable offline, so an external defensive is not excluded) → Support (rule R5).",medium,addition|support|PALADIN|echoing protection|387804,Rejected,
R0326,1289063,Rune of Echoes,addition,PALADIN,,support,Protection 167/5; Retribution 6/2,173,7,"86% of applications go to one other player (Blizzard's EXTERNAL_DEFENSIVE tag is not readable offline, so an external defensive is not excluded) → Support (rule R5).",medium,addition|support|PALADIN|rune of echoes|1289063,Rejected,
R0327,1307578,Soulcoil Barrier,addition,PALADIN,,support,Holy 161/3,161,3,"82% of applications go to one other player (Blizzard's EXTERNAL_DEFENSIVE tag is not readable offline, so an external defensive is not excluded) → Support (rule R5).",medium,addition|support|PALADIN|soulcoil barrier|1307578,Rejected,
R0352,383799,Time To Shine!,addition,PALADIN,,support,Holy 54/3,54,3,"100% of applications go to one other player (Blizzard's EXTERNAL_DEFENSIVE tag is not readable offline, so an external defensive is not excluded) → Support (rule R5).",medium,addition|support|PALADIN|time to shine!|383799,Rejected,
R0268,47753,Divine Aegis,addition,PRIEST,,support,Discipline 6423/29,6423,29,"82% of applications go to one other player (Blizzard's EXTERNAL_DEFENSIVE tag is not readable offline, so an external defensive is not excluded) → Support (rule R5).",medium,addition|support|PRIEST|divine aegis|47753,Rejected,
R0271,1253593,Void Shield,addition,PRIEST,,support,Discipline 4643/29,4643,29,"79% of applications go to one other player (Blizzard's EXTERNAL_DEFENSIVE tag is not readable offline, so an external defensive is not excluded) → Support (rule R5).",medium,addition|support|PRIEST|void shield|1253593,Rejected,Move to healing spells
R0273,390677,Inspiration,addition,PRIEST,,support,Holy 2701/34; Discipline 1303/13,4004,47,"80% of applications go to one other player (Blizzard's EXTERNAL_DEFENSIVE tag is not readable offline, so an external defensive is not excluded) → Support (rule R5).",medium,addition|support|PRIEST|inspiration|390677,Rejected,
R0275,1287665,Rune of Lingering,addition,PRIEST,,support,Holy 3038/26; Discipline 521/9; Shadow 28/13,3587,48,"74% of applications go to one other player (Blizzard's EXTERNAL_DEFENSIVE tag is not readable offline, so an external defensive is not excluded) → Support (rule R5).",medium,addition|support|PRIEST|rune of lingering|1287665,Rejected,
R0291,1229746,Arcanoweave Insight,addition,PRIEST,,support,Shadow 491/15; Holy 473/12; Discipline 199/4,1163,31,"96% of applications go to one other player (Blizzard's EXTERNAL_DEFENSIVE tag is not readable offline, so an external defensive is not excluded) → Support (rule R5).",medium,addition|support|PRIEST|arcanoweave insight|1229746,Rejected,
R0295,355851,Blaze of Light,addition,PRIEST,,support,Discipline 1029/6,1029,6,"80% of applications go to one other player (Blizzard's EXTERNAL_DEFENSIVE tag is not readable offline, so an external defensive is not excluded) → Support (rule R5).",medium,addition|support|PRIEST|blaze of light|355851,Rejected,
R0307,372014,Visage,addition,PRIEST,,support,Holy 271/6; Discipline 216/5; Shadow 56/2,543,13,"80% of applications go to one other player (Blizzard's EXTERNAL_DEFENSIVE tag is not readable offline, so an external defensive is not excluded) → Support (rule R5).",medium,addition|support|PRIEST|visage|372014,Rejected,
R0313,1307578,Soulcoil Barrier,addition,PRIEST,,support,Holy 326/6; Discipline 31/1,357,7,"81% of applications go to one other player (Blizzard's EXTERNAL_DEFENSIVE tag is not readable offline, so an external defensive is not excluded) → Support (rule R5).",medium,addition|support|PRIEST|soulcoil barrier|1307578,Rejected,
R0316,1263447,Duskwraith's Infusion,addition,PRIEST,,support,Discipline 194/2; Holy 106/2,300,4,"78% of applications go to one other player (Blizzard's EXTERNAL_DEFENSIVE tag is not readable offline, so an external defensive is not excluded) → Support (rule R5).",medium,addition|support|PRIEST|duskwraith's infusion|1263447,Rejected,
R0318,1305846,Preternatural Antivenom,addition,PRIEST,,support,Holy 172/2; Discipline 70/1,242,3,"81% of applications go to one other player (Blizzard's EXTERNAL_DEFENSIVE tag is not readable offline, so an external defensive is not excluded) → Support (rule R5).",medium,addition|support|PRIEST|preternatural antivenom|1305846,Rejected,
R0324,1300009,Void Shield (Unfolding Vision),addition,PRIEST,,support,Discipline 179/5,179,5,"89% of applications go to one other player (Blizzard's EXTERNAL_DEFENSIVE tag is not readable offline, so an external defensive is not excluded) → Support (rule R5).",medium,addition|support|PRIEST|void shield (unfolding vision)|1300009,Approved,
R0329,1242003,Worldsoul Cradle,addition,PRIEST,,support,Holy 77/2; Discipline 72/1,149,3,"72% of applications go to one other player (Blizzard's EXTERNAL_DEFENSIVE tag is not readable offline, so an external defensive is not excluded) → Support (rule R5).",medium,addition|support|PRIEST|worldsoul cradle|1242003,Rejected,
R0330,33206,Pain Suppression,addition,PRIEST,,support,Discipline 148/26,148,26,"87% of applications go to one other player (Blizzard's EXTERNAL_DEFENSIVE tag is not readable offline, so an external defensive is not excluded) → Support (rule R5).",medium,addition|support|PRIEST|pain suppression|33206,Rejected,Move to defensive cooldowns
R0349,1259988,Consecrated Chalice,addition,PRIEST,,support,Holy 64/4; Discipline 3/1,67,5,"76% of applications go to one other player (Blizzard's EXTERNAL_DEFENSIVE tag is not readable offline, so an external defensive is not excluded) → Support (rule R5).",medium,addition|support|PRIEST|consecrated chalice|1259988,Rejected,
R0353,73325,Leap of Faith,addition,PRIEST,,support,Holy 25/17; Shadow 15/10; Discipline 12/9,52,36,"100% of applications go to one other player (Blizzard's EXTERNAL_DEFENSIVE tag is not readable offline, so an external defensive is not excluded) → Support (rule R5).",medium,addition|support|PRIEST|leap of faith|73325,Rejected,Move to movement spells
R0365,1300008,Power Word: Shield (Unfolding Vision),addition,PRIEST,,support,Discipline 21/5,21,5,"86% of applications go to one other player (Blizzard's EXTERNAL_DEFENSIVE tag is not readable offline, so an external defensive is not excluded) → Support (rule R5).",medium,addition|support|PRIEST|power word: shield (unfolding vision)|1300008,Rejected,
R0298,1229746,Arcanoweave Insight,addition,ROGUE,,support,Subtlety 347/12; Assassination 282/9; Outlaw 266/7,895,28,"99% of applications go to one other player (Blizzard's EXTERNAL_DEFENSIVE tag is not readable offline, so an external defensive is not excluded) → Support (rule R5).",medium,addition|support|ROGUE|arcanoweave insight|1229746,Rejected,
R0336,57934,Tricks of the Trade,addition,ROGUE,,support,Assassination 115/18; Subtlety 8/2; Outlaw 2/1,125,21,"100% of applications go to one other player (Blizzard's EXTERNAL_DEFENSIVE tag is not readable offline, so an external defensive is not excluded) → Support (rule R5).",medium,addition|support|ROGUE|tricks of the trade|57934,Approved,
R0346,115834,Shroud of Concealment,addition,ROGUE,,support,Assassination 39/3; Outlaw 23/4; Subtlety 19/2,81,9,"75% of applications go to one other player (Blizzard's EXTERNAL_DEFENSIVE tag is not readable offline, so an external defensive is not excluded) → Support (rule R5).",medium,addition|support|ROGUE|shroud of concealment|115834,Approved,
R0347,1224098,Tricks of the Trade,addition,ROGUE,,support,Subtlety 51/13; Outlaw 28/9,79,22,"100% of applications go to one other player (Blizzard's EXTERNAL_DEFENSIVE tag is not readable offline, so an external defensive is not excluded) → Support (rule R5).",medium,addition|support|ROGUE|tricks of the trade|1224098,Approved,
R0259,462568,Elemental Resistance,addition,SHAMAN,,support,Restoration 52061/53; Elemental 82/2,52143,54,"82% of applications go to one other player (Blizzard's EXTERNAL_DEFENSIVE tag is not readable offline, so an external defensive is not excluded) → Support (rule R5).",medium,addition|support|SHAMAN|elemental resistance|462568,Rejected,
R0262,1300642,Condensation,addition,SHAMAN,,support,Restoration 19760/9,19760,9,"85% of applications go to one other player (Blizzard's EXTERNAL_DEFENSIVE tag is not readable offline, so an external defensive is not excluded) → Support (rule R5).",medium,addition|support|SHAMAN|condensation|1300642,Rejected,
R0265,1287665,Rune of Lingering,addition,SHAMAN,,support,Restoration 8125/25; Elemental 25/13; Enhancement 7/5,8157,42,"85% of applications go to one other player (Blizzard's EXTERNAL_DEFENSIVE tag is not readable offline, so an external defensive is not excluded) → Support (rule R5).",medium,addition|support|SHAMAN|rune of lingering|1287665,Rejected,
R0285,1229746,Arcanoweave Insight,addition,SHAMAN,,support,Elemental 878/23; Restoration 626/17; Enhancement 320/11,1824,51,"96% of applications go to one other player (Blizzard's EXTERNAL_DEFENSIVE tag is not readable offline, so an external defensive is not excluded) → Support (rule R5).",medium,addition|support|SHAMAN|arcanoweave insight|1229746,Rejected,
R0303,1266300,Fanatically Inspired,addition,SHAMAN,,support,Restoration 586/2; Elemental 78/2; Enhancement 22/1,686,4,"100% of applications go to one other player (Blizzard's EXTERNAL_DEFENSIVE tag is not readable offline, so an external defensive is not excluded) → Support (rule R5).",medium,addition|support|SHAMAN|fanatically inspired|1266300,Rejected,
R0311,1263447,Duskwraith's Infusion,addition,SHAMAN,,support,Restoration 453/3,453,3,"76% of applications go to one other player (Blizzard's EXTERNAL_DEFENSIVE tag is not readable offline, so an external defensive is not excluded) → Support (rule R5).",medium,addition|support|SHAMAN|duskwraith's infusion|1263447,Rejected,
R0320,383799,Time To Shine!,addition,SHAMAN,,support,Restoration 207/7,207,7,"100% of applications go to one other player (Blizzard's EXTERNAL_DEFENSIVE tag is not readable offline, so an external defensive is not excluded) → Support (rule R5).",medium,addition|support|SHAMAN|time to shine!|383799,Rejected,
R0328,1307578,Soulcoil Barrier,addition,SHAMAN,,support,Restoration 152/4,152,4,"80% of applications go to one other player (Blizzard's EXTERNAL_DEFENSIVE tag is not readable offline, so an external defensive is not excluded) → Support (rule R5).",medium,addition|support|SHAMAN|soulcoil barrier|1307578,Rejected,
R0342,1289063,Rune of Echoes,addition,SHAMAN,,support,Restoration 98/1; Enhancement 2/2,100,3,"81% of applications go to one other player (Blizzard's EXTERNAL_DEFENSIVE tag is not readable offline, so an external defensive is not excluded) → Support (rule R5).",medium,addition|support|SHAMAN|rune of echoes|1289063,Rejected,
R0358,1254624,Radiant Blessing,addition,SHAMAN,,support,Restoration 31/4,31,4,"71% of applications go to one other player (Blizzard's EXTERNAL_DEFENSIVE tag is not readable offline, so an external defensive is not excluded) → Support (rule R5).",medium,addition|support|SHAMAN|radiant blessing|1254624,Rejected,
R0360,386578,Coached,addition,SHAMAN,,support,Restoration 29/5,29,5,"100% of applications go to one other player (Blizzard's EXTERNAL_DEFENSIVE tag is not readable offline, so an external defensive is not excluded) → Support (rule R5).",medium,addition|support|SHAMAN|coached|386578,Rejected,
R0281,1229746,Arcanoweave Insight,addition,WARLOCK,,support,Demonology 1979/56; Affliction 433/11; Destruction 299/9,2711,76,"95% of applications go to one other player (Blizzard's EXTERNAL_DEFENSIVE tag is not readable offline, so an external defensive is not excluded) → Support (rule R5).",medium,addition|support|WARLOCK|arcanoweave insight|1229746,Rejected,
R0314,1287665,Rune of Lingering,addition,WARLOCK,,support,Demonology 162/35; Destruction 132/5; Affliction 12/6,306,46,"79% of applications go to one other player (Blizzard's EXTERNAL_DEFENSIVE tag is not readable offline, so an external defensive is not excluded) → Support (rule R5).",medium,addition|support|WARLOCK|rune of lingering|1287665,Rejected,
R0332,1266300,Fanatically Inspired,addition,WARLOCK,,support,Demonology 73/3; Destruction 70/2,143,5,"100% of applications go to one other player (Blizzard's EXTERNAL_DEFENSIVE tag is not readable offline, so an external defensive is not excluded) → Support (rule R5).",medium,addition|support|WARLOCK|fanatically inspired|1266300,Rejected,
R0350,1289063,Rune of Echoes,addition,WARLOCK,,support,Demonology 62/10,62,10,"82% of applications go to one other player (Blizzard's EXTERNAL_DEFENSIVE tag is not readable offline, so an external defensive is not excluded) → Support (rule R5).",medium,addition|support|WARLOCK|rune of echoes|1289063,Rejected,
R0297,1229746,Arcanoweave Insight,addition,WARRIOR,,support,Fury 339/10; Protection 300/9; Arms 282/15,921,34,"98% of applications go to one other player (Blizzard's EXTERNAL_DEFENSIVE tag is not readable offline, so an external defensive is not excluded) → Support (rule R5).",medium,addition|support|WARRIOR|arcanoweave insight|1229746,Rejected,
R0302,1287665,Rune of Lingering,addition,WARRIOR,,support,Arms 622/20; Fury 46/1; Protection 22/2,690,23,"91% of applications go to one other player (Blizzard's EXTERNAL_DEFENSIVE tag is not readable offline, so an external defensive is not excluded) → Support (rule R5).",medium,addition|support|WARRIOR|rune of lingering|1287665,Rejected,
R0341,1266300,Fanatically Inspired,addition,WARRIOR,,support,Fury 66/2; Arms 39/1,105,3,"99% of applications go to one other player (Blizzard's EXTERNAL_DEFENSIVE tag is not readable offline, so an external defensive is not excluded) → Support (rule R5).",medium,addition|support|WARRIOR|fanatically inspired|1266300,Rejected,
R0001,41635,Prayer of Mending,move,PRIEST,healing,support,Holy 39645/51; Discipline 8948/28,48593,79,"82% of applications go to one other player (Blizzard's EXTERNAL_DEFENSIVE tag is not readable offline, so an external defensive is not excluded) → Support (rule R5).",medium,move|support|PRIEST|prayer of mending|41635,Rejected,keep in healing
R0006,200025,Beacon of Virtue,move,PALADIN,healing,raidCDs,Holy 7833/27,7833,27,82% of applications land on 5+ players at once (1289 bursts) and DB2 says it reduces damage taken → Raid cooldowns (rule R2).,medium,move|raidCDs|PALADIN|beacon of virtue|200025,Rejected,keep in healing
R0009,194384,Atonement,move,PRIEST,healing,support,Discipline 4186/29,4186,29,"74% of applications go to one other player (Blizzard's EXTERNAL_DEFENSIVE tag is not readable offline, so an external defensive is not excluded) → Support (rule R5).",medium,move|support|PRIEST|atonement|194384,Rejected,keep in healing
R0012,107574,Avatar,move,WARRIOR,offensiveCDs,defensives,Arms 1300/72; Protection 888/37; Fury 653/26,2841,134,100% self-applied and DB2 says it reduces damage taken → Defensive cooldowns (rule R1).,medium,move|defensives|WARRIOR|avatar|107574,Rejected,Keep in offensive
R0013,190456,Ignore Pain,move,WARRIOR,activeMitigation,defensives,Protection 2706/37; Arms 3/1,2709,37,100% self-applied and DB2 says it absorbs damage → Defensive cooldowns (rule R1).,medium,move|defensives|WARRIOR|ignore pain|190456,Rejected,keep in active mitigation
R0033,1044,Blessing of Freedom,move,PALADIN,movement,support,Retribution 545/100; Protection 402/46; Holy 246/41,1193,185,"85% of applications go to one other player (Blizzard's EXTERNAL_DEFENSIVE tag is not readable offline, so an external defensive is not excluded) → Support (rule R5).",medium,move|support|PALADIN|blessing of freedom|1044,Rejected,keep in movement
R0034,10060,Power Infusion,move,PRIEST,offensiveCDs,support,Shadow 436/47; Holy 420/49; Discipline 204/25,1060,121,"100% of applications go to one other player (Blizzard's EXTERNAL_DEFENSIVE tag is not readable offline, so an external defensive is not excluded) → Support (rule R5).",medium,move|support|PRIEST|power infusion|10060,Approved,
R0039,374227,Zephyr,move,EVOKER,raidCDs,movement,Augmentation 367/20; Devastation 181/14; Preservation 99/9,647,43,DB2 says it raises movement speed → Movement (rule R4).,medium,move|movement|EVOKER|zephyr|374227,Approved,Include in BOTH - raid cooldowns and movement
R0047,974,Earth Shield,move,SHAMAN,healing,support,Restoration 325/40; Elemental 104/22; Enhancement 3/2,432,62,"100% of applications go to one other player (Blizzard's EXTERNAL_DEFENSIVE tag is not readable offline, so an external defensive is not excluded) → Support (rule R5).",medium,move|support|SHAMAN|earth shield|974,Rejected,keep in healing
R0062,156910,Beacon of Faith,move,PALADIN,healing,support,Holy 50/26,50,26,"92% of applications go to one other player (Blizzard's EXTERNAL_DEFENSIVE tag is not readable offline, so an external defensive is not excluded) → Support (rule R5).",medium,move|support|PALADIN|beacon of faith|156910,Rejected,keep in healing
R0063,53563,Beacon of Light,move,PALADIN,healing,support,Holy 46/22,46,22,"87% of applications go to one other player (Blizzard's EXTERNAL_DEFENSIVE tag is not readable offline, so an external defensive is not excluded) → Support (rule R5).",medium,move|support|PALADIN|beacon of light|53563,Rejected,keep in healing